Tipo,Materiale,Colore,Lunghezza,Stagione
Bottom,velluto,colorato,medio,autunno_inverno
Bottom,tweed,scuro,lungo,autunno
Bottom,lino,chiaro,corto,autunno
Bottom,seta,scuro,corto,all
Bottom,cashmere,colorato,corto,all
Bottom,velluto,scuro,medio,primavera
Bottom,tweed,colorato,corto,autunno_inverno
Bottom,velluto,scuro,medio,estate
Bottom,tweed,chiaro,lungo,autunno
Bottom,velluto,colorato,corto,primavera_estate
Bottom,seta,chiaro,medio,estate
Bottom,seta,scuro,lungo,autunno_inverno
Bottom,velluto,chiaro,corto,primavera
Bottom,velluto,colorato,lungo,inverno
Bottom,lino,scuro,medio,primavera_estate
Bottom,tweed,chiaro,lungo,inverno
Bottom,raso,chiaro,corto,primavera_estate
Bottom,velluto,colorato,medio,autunno_inverno
Bottom,lino,colorato,medio,inverno
Bottom,velluto,chiaro,corto,autunno_inverno
Bottom,cashmere,scuro,medio,primavera_estate
Bottom,lana,colorato,lungo,autunno_inverno
Bottom,cotone,chiaro,corto,autunno_inverno
Bottom,tweed,colorato,lungo,autunno_inverno
Bottom,lana,scuro,corto,autunno
Bottom,tweed,scuro,corto,inverno
Bottom,tweed,colorato,corto,estate
Bottom,velluto,chiaro,medio,autunno_inverno
Bottom,lana,scuro,lungo,autunno
Bottom,poliestere,scuro,lungo,all
Bottom,velluto,scuro,lungo,primavera_estate
Bottom,seta,colorato,lungo,estate
Bottom,lana,chiaro,medio,autunno
Bottom,velluto,chiaro,medio,all
Bottom,poliestere,colorato,corto,primavera_estate
Bottom,tweed,scuro,medio,primavera
Bottom,lino,chiaro,lungo,autunno_inverno
Bottom,tweed,colorato,medio,autunno
Bottom,cashmere,chiaro,lungo,primavera
Bottom,raso,chiaro,lungo,inverno
Bottom,tweed,scuro,medio,estate
Bottom,lana,colorato,medio,all
Bottom,cashmere,scuro,corto,autunno_inverno
Bottom,tweed,colorato,corto,inverno
Bottom,poliestere,colorato,medio,primavera
Bottom,lino,scuro,corto,primavera
Bottom,lana,scuro,lungo,primavera_estate
Bottom,cotone,scuro,lungo,primavera
Bottom,velluto,colorato,corto,inverno
Bottom,cashmere,colorato,medio,estate
Bottom,tweed,colorato,lungo,autunno_inverno
Bottom,cotone,colorato,medio,autunno
Bottom,seta,colorato,medio,all
Bottom,poliestere,chiaro,lungo,autunno
Bottom,lana,chiaro,corto,autunno
Bottom,poliestere,scuro,lungo,estate
Bottom,cashmere,scuro,lungo,estate
Bottom,raso,chiaro,corto,inverno
Bottom,cotone,scuro,corto,all
Bottom,lino,colorato,lungo,all
Bottom,seta,scuro,lungo,autunno
Bottom,cashmere,colorato,medio,inverno
Bottom,raso,colorato,lungo,all
Bottom,poliestere,colorato,medio,autunno
Bottom,seta,scuro,corto,autunno_inverno
Bottom,cashmere,scuro,corto,primavera
Bottom,raso,scuro,medio,inverno
Bottom,lino,chiaro,medio,primavera
Bottom,velluto,scuro,lungo,all
Bottom,lana,scuro,medio,primavera
Bottom,cashmere,chiaro,medio,all
Bottom,lana,colorato,medio,autunno_inverno
Bottom,poliestere,colorato,lungo,autunno
Bottom,lana,colorato,lungo,inverno
Bottom,cotone,chiaro,lungo,inverno
Bottom,raso,scuro,corto,autunno
Bottom,seta,scuro,medio,estate
Bottom,raso,colorato,lungo,all
Bottom,seta,colorato,corto,autunno
Bottom,lino,chiaro,corto,autunno
Bottom,velluto,chiaro,corto,estate
Bottom,cotone,colorato,lungo,autunno_inverno
Bottom,lino,scuro,lungo,all
Bottom,velluto,chiaro,corto,primavera
Bottom,seta,chiaro,corto,primavera_estate
Bottom,cashmere,chiaro,lungo,all
Bottom,raso,scuro,lungo,primavera
Bottom,cotone,scuro,corto,primavera_estate
Bottom,cashmere,chiaro,medio,autunno_inverno
Bottom,poliestere,colorato,medio,estate
Bottom,lino,scuro,corto,autunno_inverno
Bottom,seta,colorato,medio,all
Bottom,poliestere,colorato,corto,primavera
Bottom,cashmere,colorato,corto,primavera
Bottom,poliestere,scuro,lungo,primavera
Bottom,raso,chiaro,medio,primavera_estate
Bottom,raso,scuro,medio,inverno
Bottom,seta,colorato,corto,autunno
Bottom,raso,colorato,lungo,autunno
Bottom,lino,scuro,lungo,primavera_estate
Bottom,velluto,chiaro,medio,autunno_inverno
Bottom,velluto,scuro,corto,estate
Bottom,tweed,chiaro,lungo,autunno
Bottom,lino,chiaro,corto,inverno
Bottom,cotone,chiaro,lungo,estate
Bottom,poliestere,scuro,corto,all
Bottom,raso,chiaro,lungo,primavera_estate
Bottom,cotone,chiaro,medio,primavera
Bottom,velluto,colorato,lungo,inverno
Bottom,tweed,chiaro,medio,all
Bottom,raso,colorato,medio,primavera_estate
Bottom,raso,scuro,medio,primavera_estate
Bottom,raso,colorato,lungo,autunno_inverno
Bottom,cotone,chiaro,medio,estate
Bottom,cashmere,scuro,corto,estate
Bottom,raso,chiaro,medio,all
Bottom,lino,chiaro,corto,inverno
Bottom,cotone,scuro,corto,autunno_inverno
Bottom,tweed,scuro,medio,primavera
Bottom,poliestere,colorato,medio,primavera_estate
Bottom,lino,chiaro,corto,primavera_estate
Bottom,cashmere,scuro,medio,autunno_inverno
Bottom,lino,scuro,corto,inverno
Bottom,cotone,chiaro,lungo,primavera_estate
Bottom,seta,scuro,medio,primavera
Bottom,tweed,scuro,lungo,estate
Bottom,lana,scuro,medio,autunno
Bottom,seta,scuro,corto,primavera
Bottom,seta,chiaro,corto,primavera_estate
Bottom,seta,scuro,medio,primavera
Bottom,seta,scuro,lungo,autunno_inverno
Bottom,lana,scuro,corto,autunno
Bottom,cashmere,scuro,medio,estate
Bottom,velluto,scuro,medio,all
Bottom,tweed,chiaro,medio,inverno
Bottom,poliestere,scuro,lungo,autunno
Bottom,lana,chiaro,medio,all
Bottom,raso,colorato,medio,estate
Bottom,raso,chiaro,medio,inverno
Bottom,raso,chiaro,medio,autunno_inverno
Bottom,raso,scuro,corto,inverno
Bottom,cashmere,colorato,corto,all
Bottom,lana,colorato,lungo,inverno
Bottom,cashmere,scuro,lungo,primavera
Bottom,cashmere,chiaro,lungo,estate
Bottom,raso,scuro,medio,primavera
Bottom,raso,chiaro,medio,primavera_estate
Bottom,poliestere,scuro,corto,primavera_estate
Bottom,seta,colorato,medio,estate
Bottom,lino,scuro,corto,autunno
Bottom,velluto,scuro,corto,inverno
Bottom,lino,colorato,medio,primavera_estate
Bottom,lana,chiaro,corto,autunno_inverno
Bottom,seta,chiaro,medio,inverno
Bottom,seta,scuro,corto,inverno
Bottom,velluto,chiaro,corto,estate
Bottom,lana,scuro,corto,inverno
Bottom,lino,colorato,lungo,autunno
Bottom,lino,colorato,medio,autunno_inverno
Bottom,lino,chiaro,medio,primavera_estate
Bottom,raso,colorato,lungo,estate
Bottom,tweed,chiaro,corto,autunno
Bottom,raso,chiaro,medio,autunno_inverno
Bottom,tweed,colorato,corto,primavera
Bottom,cotone,colorato,medio,estate
Bottom,raso,scuro,lungo,primavera_estate
Bottom,tweed,scuro,medio,inverno
Bottom,poliestere,scuro,medio,estate
Bottom,cotone,chiaro,corto,primavera
Bottom,seta,colorato,corto,primavera_estate
Bottom,lana,chiaro,corto,autunno
Bottom,poliestere,chiaro,medio,inverno
Bottom,raso,scuro,medio,primavera_estate
Bottom,lino,chiaro,corto,primavera
Bottom,tweed,colorato,lungo,autunno
Bottom,poliestere,colorato,medio,all
Bottom,seta,colorato,medio,autunno_inverno
Bottom,cashmere,chiaro,medio,estate
Bottom,raso,colorato,corto,primavera_estate
Bottom,poliestere,scuro,corto,autunno_inverno
Bottom,raso,chiaro,medio,primavera_estate
Bottom,tweed,colorato,lungo,autunno
Bottom,lana,chiaro,corto,autunno
Bottom,raso,chiaro,medio,autunno
Bottom,cashmere,scuro,lungo,autunno
Bottom,seta,chiaro,medio,autunno_inverno
Bottom,cotone,scuro,corto,all
Bottom,tweed,chiaro,lungo,primavera_estate
Bottom,lino,colorato,lungo,primavera
Bottom,seta,colorato,lungo,primavera_estate
Bottom,seta,scuro,corto,all
Bottom,tweed,chiaro,corto,inverno
Bottom,lana,scuro,lungo,primavera_estate
Bottom,lana,chiaro,lungo,inverno
Bottom,cashmere,scuro,corto,estate
Bottom,cashmere,scuro,medio,autunno_inverno
Bottom,tweed,chiaro,corto,estate
Bottom,raso,colorato,medio,autunno
Bottom,lana,chiaro,corto,autunno_inverno
Bottom,cashmere,colorato,medio,primavera
Bottom,cashmere,colorato,corto,autunno
Bottom,seta,chiaro,lungo,autunno_inverno
Bottom,tweed,chiaro,medio,primavera
Bottom,cotone,colorato,medio,autunno_inverno
Bottom,cashmere,scuro,medio,autunno_inverno
Bottom,raso,scuro,corto,autunno_inverno
Bottom,poliestere,scuro,corto,inverno
Bottom,velluto,scuro,corto,all
Bottom,tweed,chiaro,corto,all
Bottom,velluto,chiaro,corto,autunno
Bottom,lana,chiaro,medio,all
Bottom,tweed,chiaro,corto,primavera_estate
Bottom,cashmere,scuro,corto,autunno_inverno
Bottom,lino,scuro,corto,autunno
Bottom,velluto,scuro,lungo,all
Bottom,lino,colorato,lungo,primavera
Bottom,velluto,chiaro,corto,autunno
Bottom,lino,chiaro,medio,autunno_inverno
Bottom,poliestere,scuro,medio,autunno
Bottom,seta,chiaro,lungo,autunno
Bottom,poliestere,chiaro,lungo,primavera_estate
Bottom,seta,colorato,corto,all
Bottom,velluto,chiaro,medio,primavera_estate
Bottom,cashmere,chiaro,medio,autunno_inverno
Bottom,seta,colorato,corto,estate
Bottom,seta,scuro,lungo,estate
Bottom,cashmere,colorato,medio,all
Bottom,seta,colorato,medio,estate
Bottom,cashmere,chiaro,lungo,autunno
Bottom,tweed,colorato,lungo,all
Bottom,lana,scuro,corto,primavera
Bottom,raso,colorato,lungo,autunno
Bottom,velluto,colorato,corto,autunno_inverno
Bottom,cotone,colorato,lungo,autunno_inverno
Bottom,poliestere,colorato,lungo,estate
Bottom,poliestere,scuro,lungo,primavera
Bottom,tweed,chiaro,medio,autunno_inverno
Bottom,lana,chiaro,medio,autunno
Bottom,poliestere,chiaro,corto,primavera
Bottom,cotone,chiaro,lungo,primavera
Bottom,seta,chiaro,medio,inverno
Bottom,cashmere,chiaro,lungo,all
Bottom,seta,chiaro,lungo,inverno
Bottom,cashmere,chiaro,lungo,estate
Bottom,lana,colorato,corto,primavera
Bottom,cashmere,scuro,corto,estate
Bottom,seta,chiaro,lungo,inverno
Bottom,cotone,chiaro,corto,all
Bottom,lana,scuro,medio,estate
Bottom,cashmere,scuro,lungo,autunno
Bottom,poliestere,scuro,medio,all
Bottom,tweed,scuro,lungo,primavera
Bottom,raso,scuro,lungo,primavera_estate
Bottom,cashmere,chiaro,lungo,primavera
Bottom,raso,scuro,lungo,primavera_estate
Bottom,raso,colorato,lungo,primavera_estate
Bottom,lino,scuro,lungo,estate
Bottom,raso,scuro,corto,all
Bottom,tweed,scuro,corto,all
Bottom,lino,scuro,medio,estate
Bottom,cotone,scuro,lungo,inverno
Bottom,velluto,colorato,corto,primavera
Bottom,velluto,chiaro,corto,primavera_estate
Bottom,cashmere,colorato,medio,autunno_inverno
Bottom,lana,scuro,corto,estate
Bottom,velluto,colorato,medio,autunno_inverno
Bottom,cashmere,colorato,lungo,autunno_inverno
Bottom,raso,chiaro,corto,estate
Bottom,raso,scuro,lungo,estate
Bottom,velluto,chiaro,lungo,primavera
Bottom,seta,colorato,medio,all
Bottom,lana,colorato,corto,primavera
Bottom,tweed,scuro,corto,primavera_estate
Bottom,seta,scuro,corto,primavera_estate
Bottom,cotone,chiaro,lungo,all
Bottom,tweed,scuro,corto,autunno
Bottom,seta,colorato,medio,autunno_inverno
Bottom,lana,chiaro,lungo,all
Bottom,seta,colorato,corto,autunno_inverno
Bottom,cotone,chiaro,corto,inverno
Bottom,raso,scuro,medio,all
Bottom,cotone,colorato,medio,estate
Bottom,cashmere,colorato,medio,primavera
Bottom,lino,chiaro,medio,primavera
Bottom,cotone,scuro,lungo,primavera_estate
Bottom,lana,colorato,medio,autunno_inverno
Bottom,lino,chiaro,lungo,estate
Bottom,poliestere,colorato,lungo,autunno
Bottom,lino,colorato,medio,all
Bottom,seta,chiaro,corto,estate
Bottom,cashmere,scuro,corto,autunno
Bottom,seta,scuro,corto,estate
Bottom,poliestere,colorato,corto,primavera_estate
Bottom,cotone,colorato,corto,estate
Bottom,poliestere,chiaro,corto,all
Bottom,cashmere,colorato,medio,all
Bottom,poliestere,scuro,lungo,autunno
Bottom,seta,chiaro,corto,inverno
Bottom,velluto,chiaro,lungo,primavera
Bottom,velluto,colorato,medio,autunno_inverno
Bottom,lana,scuro,corto,primavera
Bottom,cotone,colorato,medio,estate
Bottom,tweed,colorato,corto,estate
Bottom,cashmere,chiaro,lungo,all
Bottom,seta,colorato,lungo,all
Bottom,cashmere,scuro,lungo,primavera_estate
Bottom,lana,colorato,medio,estate
Bottom,cashmere,colorato,medio,all
Bottom,cashmere,colorato,medio,estate
Bottom,cashmere,chiaro,corto,autunno
Bottom,cotone,colorato,lungo,autunno
Bottom,cotone,scuro,medio,estate
Bottom,lana,scuro,lungo,all
Bottom,cashmere,scuro,lungo,autunno
Bottom,raso,scuro,corto,estate
Bottom,lana,chiaro,lungo,autunno
Bottom,cotone,scuro,lungo,autunno
Bottom,seta,chiaro,corto,inverno
Bottom,raso,scuro,lungo,primavera_estate
Bottom,lana,colorato,medio,primavera_estate
Bottom,velluto,chiaro,corto,primavera_estate
Bottom,velluto,scuro,medio,autunno
Bottom,raso,chiaro,medio,primavera_estate
Bottom,tweed,colorato,lungo,autunno_inverno
Bottom,cashmere,chiaro,corto,all
Bottom,tweed,colorato,lungo,inverno
Bottom,poliestere,scuro,corto,all
Bottom,tweed,colorato,medio,all
Bottom,lana,scuro,medio,primavera
Bottom,cotone,colorato,medio,autunno
Bottom,lana,colorato,medio,estate
Bottom,poliestere,scuro,medio,primavera_estate
Bottom,raso,chiaro,lungo,primavera_estate
Bottom,lana,scuro,lungo,estate
Bottom,poliestere,scuro,lungo,all
Bottom,velluto,chiaro,corto,primavera
Bottom,cotone,scuro,corto,autunno
Bottom,lino,colorato,medio,primavera_estate
Bottom,raso,chiaro,lungo,autunno_inverno
Bottom,cashmere,colorato,corto,primavera_estate
Bottom,tweed,colorato,corto,primavera
Bottom,poliestere,chiaro,lungo,primavera
Bottom,poliestere,colorato,corto,all
Bottom,lana,scuro,lungo,autunno_inverno
Bottom,cashmere,scuro,lungo,primavera
Bottom,lana,colorato,medio,inverno
Bottom,velluto,scuro,corto,all
Bottom,lino,scuro,lungo,inverno
Bottom,raso,chiaro,lungo,estate
Bottom,seta,scuro,lungo,primavera_estate
Bottom,poliestere,chiaro,medio,estate
Bottom,velluto,chiaro,lungo,all
Bottom,lino,scuro,corto,estate
Bottom,cotone,colorato,lungo,primavera_estate
Bottom,tweed,chiaro,medio,primavera_estate
Bottom,cashmere,chiaro,lungo,primavera_estate
Bottom,cotone,scuro,corto,primavera_estate
Bottom,cotone,scuro,lungo,autunno
Bottom,lana,scuro,medio,primavera_estate
Bottom,cashmere,colorato,medio,autunno_inverno
Bottom,raso,colorato,lungo,estate
Bottom,seta,colorato,corto,primavera_estate
Bottom,lino,chiaro,corto,inverno
Bottom,raso,scuro,corto,autunno_inverno
Bottom,seta,colorato,lungo,primavera
Bottom,lino,colorato,lungo,primavera
Bottom,cashmere,scuro,lungo,primavera_estate
Bottom,cashmere,colorato,lungo,all
Bottom,lino,colorato,corto,all
Bottom,seta,chiaro,medio,autunno
Bottom,seta,scuro,corto,primavera_estate
Bottom,seta,chiaro,lungo,all
Bottom,seta,scuro,medio,primavera_estate
Bottom,cotone,chiaro,corto,inverno
Bottom,poliestere,colorato,corto,estate
Bottom,poliestere,colorato,lungo,autunno
Bottom,lino,colorato,corto,inverno
Bottom,lana,chiaro,lungo,all
Bottom,seta,colorato,medio,estate
Bottom,raso,scuro,medio,autunno_inverno
Bottom,cotone,chiaro,lungo,all
Bottom,tweed,colorato,lungo,all
Bottom,cotone,chiaro,lungo,autunno_inverno
Bottom,tweed,colorato,corto,all
Bottom,cashmere,colorato,corto,primavera
Bottom,velluto,colorato,corto,inverno
Bottom,poliestere,scuro,lungo,all
Bottom,velluto,scuro,medio,primavera_estate
Bottom,lana,colorato,lungo,inverno
Bottom,lino,colorato,corto,autunno_inverno
Bottom,tweed,colorato,corto,inverno
Bottom,seta,chiaro,medio,inverno
Bottom,poliestere,scuro,lungo,autunno
Bottom,seta,scuro,medio,primavera
Bottom,cashmere,chiaro,medio,estate
Bottom,poliestere,chiaro,corto,primavera
Bottom,poliestere,chiaro,corto,all
Bottom,tweed,chiaro,corto,estate
Bottom,cotone,scuro,lungo,autunno
Bottom,lana,colorato,corto,inverno
Bottom,tweed,chiaro,medio,primavera
Bottom,seta,colorato,corto,primavera
Bottom,poliestere,colorato,medio,inverno
Bottom,cashmere,colorato,lungo,primavera_estate
Bottom,cashmere,chiaro,lungo,autunno
Bottom,lana,scuro,lungo,primavera_estate
Bottom,cashmere,scuro,lungo,primavera_estate
Bottom,poliestere,colorato,corto,inverno
Bottom,seta,chiaro,medio,estate
Bottom,poliestere,colorato,corto,estate
Bottom,raso,chiaro,medio,autunno_inverno
Bottom,seta,colorato,corto,autunno_inverno
Bottom,cotone,chiaro,medio,autunno_inverno
Bottom,tweed,scuro,medio,all
Bottom,lino,scuro,lungo,autunno_inverno
Bottom,poliestere,chiaro,medio,all
Bottom,lana,colorato,corto,estate
Bottom,cashmere,scuro,lungo,inverno
Bottom,tweed,scuro,corto,inverno
Bottom,cashmere,colorato,corto,inverno
Bottom,seta,scuro,medio,autunno_inverno
Bottom,cashmere,colorato,corto,primavera_estate
Bottom,cotone,chiaro,medio,autunno_inverno
Bottom,velluto,scuro,corto,primavera
Bottom,tweed,colorato,medio,primavera
Bottom,velluto,chiaro,lungo,primavera_estate
Bottom,cotone,colorato,medio,primavera_estate
Bottom,cashmere,chiaro,lungo,autunno
Bottom,cotone,scuro,medio,estate
Bottom,poliestere,colorato,corto,autunno
Bottom,seta,colorato,corto,inverno
Bottom,poliestere,scuro,corto,inverno
Bottom,lana,chiaro,corto,autunno_inverno
Bottom,lana,scuro,medio,all
Bottom,raso,chiaro,lungo,autunno_inverno
Bottom,poliestere,colorato,corto,autunno_inverno
Bottom,seta,chiaro,medio,inverno
Bottom,cotone,colorato,lungo,primavera
Bottom,cotone,chiaro,lungo,autunno
Bottom,cashmere,colorato,lungo,primavera
Bottom,raso,colorato,medio,primavera_estate
Bottom,lino,scuro,corto,estate
Bottom,raso,chiaro,lungo,autunno
Bottom,poliestere,colorato,lungo,inverno
Bottom,lino,scuro,lungo,all
Bottom,cashmere,colorato,medio,autunno
Bottom,tweed,scuro,medio,estate
Bottom,poliestere,scuro,medio,autunno_inverno
Bottom,poliestere,chiaro,medio,autunno
Bottom,tweed,chiaro,medio,all
Bottom,lino,scuro,corto,primavera
Bottom,lino,colorato,corto,primavera_estate
Bottom,lana,chiaro,medio,primavera
Bottom,lana,scuro,medio,autunno_inverno
Bottom,raso,colorato,medio,primavera_estate
Bottom,lino,colorato,lungo,autunno_inverno
Bottom,poliestere,chiaro,corto,primavera
Bottom,lana,chiaro,medio,estate
Bottom,tweed,colorato,lungo,all
Bottom,poliestere,colorato,corto,primavera
Bottom,cashmere,colorato,lungo,inverno
Bottom,raso,chiaro,medio,autunno
Bottom,velluto,colorato,medio,autunno_inverno
Bottom,lino,colorato,lungo,autunno_inverno
Bottom,seta,colorato,corto,estate
Bottom,poliestere,scuro,medio,all
Bottom,raso,scuro,lungo,all
Bottom,velluto,colorato,medio,inverno
Bottom,cashmere,chiaro,lungo,autunno_inverno
Bottom,cashmere,chiaro,corto,autunno_inverno
Bottom,lino,scuro,corto,all
Bottom,seta,chiaro,lungo,primavera_estate
Bottom,cotone,scuro,lungo,autunno
Bottom,lino,colorato,medio,primavera
Bottom,lino,chiaro,corto,primavera
Bottom,tweed,colorato,corto,autunno
Bottom,lino,colorato,corto,autunno_inverno
Bottom,raso,scuro,medio,primavera
Bottom,seta,chiaro,lungo,autunno
Bottom,velluto,colorato,corto,autunno_inverno
Bottom,tweed,scuro,corto,estate
Bottom,lana,chiaro,lungo,estate
Bottom,raso,chiaro,corto,estate
Bottom,lana,chiaro,corto,primavera
Bottom,tweed,scuro,lungo,all
Bottom,tweed,colorato,medio,autunno_inverno
Bottom,cashmere,chiaro,corto,autunno
Bottom,raso,scuro,medio,inverno
Bottom,seta,colorato,corto,primavera
Bottom,lino,scuro,medio,estate
Bottom,cashmere,chiaro,lungo,autunno_inverno
Bottom,velluto,chiaro,corto,autunno_inverno
Bottom,tweed,scuro,medio,autunno_inverno
Bottom,tweed,chiaro,corto,primavera
Bottom,raso,chiaro,medio,autunno_inverno
Bottom,velluto,scuro,lungo,inverno
Bottom,poliestere,chiaro,lungo,inverno
Bottom,lana,scuro,corto,estate
Bottom,velluto,chiaro,lungo,primavera_estate
Bottom,cotone,scuro,medio,all
Bottom,raso,colorato,lungo,primavera_estate
Bottom,lana,chiaro,medio,inverno
Bottom,cashmere,chiaro,lungo,inverno
Bottom,raso,colorato,lungo,all
Bottom,velluto,colorato,lungo,all
Bottom,seta,scuro,lungo,estate
Bottom,cotone,colorato,lungo,inverno
Bottom,raso,chiaro,corto,inverno
Bottom,poliestere,colorato,corto,all
Bottom,raso,colorato,lungo,inverno
Bottom,raso,chiaro,lungo,autunno
Bottom,lana,chiaro,corto,autunno_inverno
Bottom,seta,colorato,medio,inverno
Bottom,raso,chiaro,corto,estate
Bottom,lino,colorato,medio,autunno
Bottom,velluto,chiaro,medio,autunno_inverno
Bottom,seta,colorato,lungo,primavera
Bottom,raso,chiaro,lungo,estate
Bottom,cashmere,chiaro,lungo,autunno
Bottom,tweed,colorato,lungo,inverno
Bottom,poliestere,chiaro,lungo,autunno
Bottom,tweed,scuro,lungo,inverno
Bottom,poliestere,chiaro,lungo,autunno_inverno
Bottom,poliestere,colorato,medio,autunno_inverno
Bottom,poliestere,chiaro,medio,all
Bottom,lino,scuro,medio,autunno
Bottom,raso,scuro,lungo,autunno
Bottom,raso,scuro,medio,primavera_estate
Bottom,tweed,colorato,corto,autunno
Bottom,seta,chiaro,lungo,autunno_inverno
Bottom,raso,colorato,corto,primavera_estate
Bottom,raso,scuro,lungo,all
Bottom,seta,chiaro,corto,primavera
Bottom,lana,chiaro,corto,inverno
Bottom,cashmere,scuro,medio,estate
Bottom,lana,scuro,corto,all
Bottom,raso,colorato,lungo,autunno
Bottom,cashmere,colorato,medio,estate
Bottom,tweed,scuro,medio,primavera
Bottom,cashmere,scuro,corto,inverno
Bottom,raso,colorato,medio,autunno
Bottom,cotone,colorato,medio,autunno_inverno
Bottom,poliestere,colorato,medio,estate
Bottom,cotone,colorato,corto,primavera_estate
Bottom,velluto,scuro,corto,inverno
Bottom,poliestere,scuro,lungo,estate
Bottom,seta,colorato,medio,autunno
Bottom,lino,scuro,lungo,all
Bottom,tweed,chiaro,lungo,autunno
Bottom,poliestere,chiaro,lungo,primavera
Bottom,lino,chiaro,corto,primavera
Bottom,raso,colorato,lungo,all
Bottom,cashmere,colorato,corto,primavera
Bottom,cashmere,scuro,lungo,autunno_inverno
Bottom,cotone,colorato,medio,autunno
Bottom,tweed,scuro,medio,inverno
Bottom,cotone,scuro,corto,all
Bottom,cashmere,chiaro,corto,estate
Bottom,velluto,chiaro,medio,autunno_inverno
Bottom,velluto,chiaro,medio,all
Bottom,poliestere,colorato,medio,autunno
Bottom,lino,chiaro,lungo,estate
Bottom,cashmere,scuro,lungo,inverno
Bottom,cashmere,scuro,lungo,autunno_inverno
Bottom,lana,chiaro,medio,autunno_inverno
Bottom,lino,scuro,corto,all
Bottom,cashmere,scuro,medio,primavera
Bottom,velluto,colorato,lungo,autunno
Bottom,velluto,scuro,lungo,inverno
Bottom,cashmere,colorato,medio,all
Bottom,velluto,chiaro,corto,autunno
Bottom,cashmere,colorato,lungo,inverno
Bottom,tweed,chiaro,medio,all
Bottom,cashmere,scuro,lungo,all
Bottom,poliestere,colorato,lungo,all
Bottom,raso,colorato,corto,primavera
Bottom,velluto,chiaro,medio,all
Bottom,raso,chiaro,lungo,primavera
Bottom,cotone,chiaro,lungo,autunno_inverno
Bottom,tweed,scuro,corto,primavera_estate
Bottom,lana,colorato,corto,all
Bottom,cotone,colorato,medio,autunno
Bottom,velluto,scuro,medio,all
Bottom,cotone,scuro,corto,inverno
Bottom,tweed,colorato,lungo,primavera_estate
Bottom,cashmere,colorato,medio,autunno_inverno
Bottom,lana,scuro,lungo,primavera
Bottom,raso,colorato,corto,primavera
Bottom,poliestere,chiaro,corto,autunno_inverno
Bottom,seta,colorato,medio,inverno
Bottom,velluto,scuro,medio,primavera
Bottom,poliestere,chiaro,lungo,autunno
Bottom,cashmere,colorato,lungo,autunno_inverno
Bottom,velluto,scuro,corto,all
Bottom,cotone,colorato,lungo,all
Bottom,tweed,scuro,medio,autunno
Bottom,poliestere,scuro,lungo,autunno
Bottom,cotone,scuro,medio,autunno
Bottom,seta,scuro,corto,autunno
Bottom,cashmere,scuro,corto,autunno
Bottom,seta,scuro,corto,primavera
Bottom,tweed,chiaro,corto,all
Bottom,velluto,colorato,medio,inverno
Bottom,raso,scuro,corto,estate
Bottom,velluto,colorato,corto,autunno
Bottom,seta,chiaro,corto,primavera
Bottom,cotone,chiaro,medio,estate
Bottom,cashmere,scuro,lungo,inverno
Bottom,seta,scuro,lungo,all
Bottom,velluto,scuro,lungo,autunno_inverno
Bottom,lana,chiaro,medio,inverno
Bottom,cashmere,chiaro,corto,estate
Bottom,lino,chiaro,lungo,inverno
Bottom,cashmere,colorato,lungo,inverno
Bottom,poliestere,colorato,corto,primavera
Bottom,cotone,chiaro,lungo,autunno
Bottom,velluto,scuro,corto,inverno
Bottom,lana,scuro,lungo,autunno_inverno
Bottom,cashmere,chiaro,lungo,primavera_estate
Bottom,tweed,scuro,medio,estate
Bottom,lana,scuro,lungo,autunno_inverno
Bottom,raso,chiaro,lungo,estate
Bottom,cotone,chiaro,corto,autunno_inverno
Bottom,lino,scuro,medio,inverno
Bottom,cashmere,scuro,corto,all
Bottom,tweed,scuro,lungo,primavera
Bottom,raso,chiaro,medio,all
Bottom,cashmere,scuro,corto,autunno_inverno
Bottom,poliestere,chiaro,lungo,primavera_estate
Bottom,tweed,chiaro,lungo,autunno_inverno
Bottom,raso,colorato,corto,inverno
Bottom,raso,scuro,corto,all
Bottom,tweed,colorato,lungo,estate
Bottom,seta,scuro,lungo,primavera
Bottom,raso,scuro,medio,primavera
Bottom,seta,scuro,lungo,estate
Bottom,cotone,scuro,medio,all
Bottom,tweed,scuro,corto,autunno
Bottom,lino,colorato,corto,primavera_estate
Bottom,seta,chiaro,corto,autunno
Bottom,velluto,scuro,lungo,primavera
Bottom,poliestere,chiaro,corto,estate
Bottom,tweed,scuro,lungo,inverno
Bottom,raso,chiaro,corto,primavera_estate
Bottom,seta,colorato,medio,autunno
Bottom,poliestere,scuro,medio,autunno_inverno
Bottom,raso,colorato,lungo,autunno_inverno
Bottom,cotone,chiaro,medio,primavera_estate
Bottom,tweed,chiaro,medio,primavera_estate
Bottom,cotone,chiaro,lungo,autunno_inverno
Bottom,cotone,colorato,medio,primavera_estate
Bottom,poliestere,chiaro,lungo,autunno_inverno
Bottom,seta,scuro,medio,primavera_estate
Bottom,cotone,scuro,medio,all
Bottom,cashmere,chiaro,medio,autunno
Bottom,cashmere,scuro,medio,estate
Bottom,seta,colorato,medio,autunno_inverno
Bottom,poliestere,scuro,lungo,primavera_estate
Bottom,lana,scuro,lungo,autunno_inverno
Bottom,poliestere,chiaro,lungo,inverno
Bottom,lana,chiaro,corto,all
Bottom,cotone,colorato,lungo,primavera_estate
Bottom,cotone,chiaro,lungo,estate
Bottom,lino,chiaro,lungo,autunno
Bottom,poliestere,scuro,corto,autunno
Bottom,lino,scuro,medio,estate
Bottom,lino,chiaro,lungo,autunno_inverno
Bottom,lana,chiaro,medio,inverno
Bottom,cotone,chiaro,corto,primavera_estate
Bottom,lino,scuro,corto,all
Bottom,cotone,colorato,corto,primavera
Bottom,raso,chiaro,corto,autunno
Bottom,cashmere,scuro,medio,primavera_estate
Bottom,seta,scuro,lungo,all
Bottom,cotone,scuro,corto,estate
Bottom,tweed,scuro,medio,inverno
Bottom,raso,colorato,lungo,all
Bottom,seta,chiaro,corto,autunno_inverno
Bottom,lino,chiaro,lungo,autunno_inverno
Bottom,tweed,colorato,corto,inverno
Bottom,cotone,chiaro,medio,all
Bottom,tweed,chiaro,lungo,autunno_inverno
Bottom,tweed,chiaro,corto,all
Bottom,raso,chiaro,corto,autunno_inverno
Bottom,lana,colorato,corto,inverno
Bottom,tweed,chiaro,medio,autunno
Bottom,seta,scuro,corto,estate
Bottom,cashmere,chiaro,corto,autunno
Bottom,velluto,colorato,medio,estate
Bottom,poliestere,chiaro,corto,autunno_inverno
Bottom,velluto,colorato,lungo,all
Bottom,tweed,scuro,corto,autunno_inverno
Bottom,seta,chiaro,medio,primavera_estate
Bottom,seta,chiaro,corto,primavera_estate
Bottom,tweed,colorato,lungo,inverno
Bottom,lana,scuro,medio,autunno
Bottom,seta,chiaro,medio,inverno
Bottom,raso,chiaro,lungo,inverno
Bottom,cotone,scuro,medio,inverno
Bottom,poliestere,colorato,corto,primavera_estate
Bottom,tweed,colorato,lungo,autunno
Bottom,seta,chiaro,lungo,estate
Bottom,cotone,colorato,corto,inverno
Bottom,lana,colorato,corto,primavera
Bottom,cotone,scuro,medio,primavera_estate
Bottom,velluto,colorato,corto,all
Bottom,raso,scuro,corto,primavera
Bottom,tweed,colorato,medio,inverno
Bottom,cotone,scuro,corto,all
Bottom,poliestere,scuro,lungo,primavera
Bottom,tweed,scuro,corto,primavera
Bottom,cotone,colorato,lungo,autunno_inverno
Bottom,poliestere,colorato,lungo,inverno
Bottom,raso,scuro,lungo,autunno
Bottom,cotone,scuro,corto,all
Bottom,seta,scuro,lungo,all
Bottom,velluto,scuro,corto,autunno
Bottom,raso,chiaro,medio,estate
Bottom,tweed,scuro,corto,autunno
Bottom,seta,chiaro,medio,autunno_inverno
Bottom,lana,colorato,corto,all
Bottom,tweed,scuro,medio,inverno
Bottom,cashmere,colorato,corto,estate
Bottom,lino,colorato,medio,inverno
Bottom,cotone,chiaro,lungo,autunno_inverno
Bottom,tweed,colorato,corto,inverno
Bottom,seta,chiaro,corto,estate
Bottom,velluto,chiaro,lungo,primavera
Bottom,poliestere,colorato,medio,autunno_inverno
Bottom,cotone,chiaro,medio,inverno
Bottom,raso,chiaro,medio,estate
Bottom,cashmere,scuro,medio,primavera
Bottom,velluto,chiaro,lungo,inverno
Bottom,raso,colorato,lungo,estate
Bottom,poliestere,scuro,corto,autunno_inverno
Bottom,lana,scuro,corto,autunno
Bottom,velluto,chiaro,lungo,estate
Bottom,cotone,scuro,medio,autunno_inverno
Bottom,tweed,scuro,medio,inverno
Bottom,raso,colorato,medio,primavera_estate
Bottom,lana,scuro,lungo,autunno
Bottom,lana,scuro,lungo,autunno
Bottom,poliestere,chiaro,medio,all
Bottom,cotone,chiaro,corto,inverno
Bottom,lana,scuro,corto,primavera_estate
Bottom,velluto,colorato,lungo,primavera
Bottom,raso,chiaro,lungo,inverno
Bottom,velluto,chiaro,lungo,primavera_estate
Bottom,tweed,scuro,medio,autunno_inverno
Bottom,velluto,colorato,corto,primavera
Bottom,cashmere,scuro,corto,all
Bottom,cashmere,scuro,lungo,all
Bottom,tweed,chiaro,lungo,primavera_estate
Bottom,cashmere,chiaro,lungo,autunno
Bottom,tweed,scuro,lungo,autunno_inverno
Bottom,cotone,scuro,medio,primavera
Bottom,lino,colorato,corto,autunno_inverno
Bottom,poliestere,scuro,corto,primavera_estate
Bottom,cashmere,colorato,medio,autunno_inverno
Bottom,seta,scuro,lungo,autunno_inverno
Bottom,lana,colorato,corto,primavera_estate
Bottom,cotone,chiaro,lungo,autunno
Bottom,poliestere,scuro,medio,all
Bottom,poliestere,chiaro,lungo,primavera
Bottom,tweed,chiaro,lungo,autunno
Bottom,tweed,chiaro,medio,primavera
Bottom,poliestere,scuro,medio,estate
Bottom,cotone,colorato,corto,autunno
Bottom,raso,colorato,corto,estate
Bottom,velluto,scuro,corto,all
Bottom,velluto,chiaro,medio,primavera
Bottom,raso,colorato,corto,estate
Bottom,cotone,colorato,corto,primavera
Bottom,lana,colorato,lungo,all
Bottom,raso,colorato,corto,inverno
Bottom,raso,chiaro,medio,autunno_inverno
Bottom,poliestere,scuro,medio,primavera_estate
Bottom,cotone,scuro,medio,primavera
Bottom,lana,chiaro,lungo,primavera_estate
Bottom,velluto,chiaro,lungo,inverno
Bottom,cotone,colorato,medio,primavera_estate
Bottom,raso,chiaro,corto,estate
Bottom,velluto,colorato,medio,inverno
Bottom,lino,colorato,corto,inverno
Bottom,tweed,chiaro,medio,primavera
Bottom,cashmere,chiaro,lungo,primavera
Bottom,lino,scuro,corto,estate
Bottom,cotone,colorato,corto,primavera
Bottom,lino,scuro,medio,inverno
Bottom,cotone,scuro,medio,inverno
Bottom,poliestere,scuro,corto,estate
Bottom,raso,colorato,lungo,primavera
Bottom,tweed,chiaro,medio,autunno_inverno
Bottom,cashmere,colorato,medio,autunno_inverno
Bottom,raso,chiaro,lungo,autunno_inverno
Bottom,cotone,chiaro,corto,primavera_estate
Bottom,poliestere,chiaro,medio,primavera
Bottom,poliestere,colorato,lungo,inverno
Bottom,lana,colorato,lungo,inverno
Bottom,poliestere,scuro,lungo,primavera
Bottom,velluto,colorato,lungo,autunno_inverno
Bottom,cotone,scuro,lungo,autunno
Bottom,cashmere,scuro,medio,primavera_estate
Bottom,poliestere,chiaro,lungo,primavera
Bottom,lana,colorato,lungo,estate
Bottom,cotone,scuro,corto,estate
Bottom,lino,scuro,medio,all
Bottom,velluto,scuro,medio,estate
Bottom,tweed,scuro,corto,autunno
Bottom,cashmere,colorato,corto,primavera
Bottom,poliestere,scuro,medio,estate
Bottom,tweed,chiaro,lungo,inverno
Bottom,lana,scuro,lungo,autunno_inverno
Bottom,lana,chiaro,medio,autunno
Bottom,lino,chiaro,corto,primavera
Bottom,tweed,scuro,medio,autunno
Bottom,lana,colorato,medio,all
Bottom,lana,chiaro,corto,inverno
Bottom,seta,chiaro,medio,autunno_inverno
Bottom,velluto,chiaro,corto,all
Bottom,poliestere,chiaro,lungo,autunno_inverno
Bottom,cotone,colorato,lungo,autunno
Bottom,lino,chiaro,lungo,all
Bottom,cashmere,colorato,medio,primavera_estate
Bottom,cotone,colorato,lungo,inverno
Bottom,poliestere,scuro,lungo,estate
Bottom,raso,colorato,corto,all
Bottom,tweed,chiaro,lungo,estate
Bottom,seta,chiaro,lungo,primavera
Bottom,tweed,chiaro,corto,autunno_inverno
Bottom,lino,scuro,lungo,estate
Bottom,cashmere,colorato,corto,all
Bottom,seta,colorato,corto,estate
Bottom,poliestere,colorato,medio,primavera_estate
Bottom,seta,scuro,corto,autunno_inverno
Bottom,lino,colorato,medio,autunno_inverno
Bottom,tweed,scuro,lungo,inverno
Bottom,raso,chiaro,corto,estate
Bottom,cashmere,scuro,medio,autunno
Bottom,seta,colorato,medio,autunno
Bottom,lino,colorato,lungo,autunno
Bottom,poliestere,colorato,lungo,primavera
Bottom,cashmere,chiaro,corto,all
Bottom,velluto,scuro,corto,autunno
Bottom,cotone,scuro,lungo,autunno_inverno
Bottom,tweed,chiaro,lungo,all
Bottom,cotone,colorato,lungo,primavera
Bottom,tweed,scuro,medio,estate
Bottom,seta,colorato,medio,autunno
Bottom,poliestere,colorato,lungo,primavera_estate
Bottom,cashmere,scuro,corto,primavera_estate
Bottom,tweed,scuro,medio,autunno_inverno
Bottom,tweed,scuro,corto,autunno_inverno
Bottom,cashmere,colorato,medio,primavera_estate
Bottom,velluto,chiaro,lungo,all
Bottom,raso,scuro,medio,inverno
Bottom,lana,colorato,corto,primavera
Bottom,tweed,chiaro,medio,estate
Bottom,lino,chiaro,medio,autunno_inverno
Bottom,cotone,colorato,corto,all
Bottom,cashmere,colorato,medio,all
Bottom,tweed,colorato,corto,autunno
Bottom,raso,scuro,corto,autunno
Bottom,cashmere,chiaro,lungo,primavera_estate
Bottom,raso,chiaro,lungo,all
Bottom,seta,chiaro,medio,autunno
Bottom,seta,chiaro,medio,inverno
Bottom,tweed,colorato,lungo,autunno_inverno
Bottom,lino,colorato,medio,primavera
Bottom,cashmere,scuro,lungo,primavera_estate
Bottom,seta,scuro,corto,primavera
Bottom,poliestere,colorato,lungo,autunno
Bottom,raso,chiaro,medio,primavera_estate
Bottom,lino,scuro,medio,primavera
Bottom,raso,scuro,corto,autunno
Bottom,seta,chiaro,lungo,autunno
Bottom,tweed,colorato,medio,primavera_estate
Bottom,velluto,scuro,medio,estate
Bottom,seta,chiaro,medio,autunno_inverno
Bottom,cotone,chiaro,medio,autunno
Bottom,tweed,chiaro,corto,primavera
Bottom,lino,chiaro,corto,primavera_estate
Bottom,lino,chiaro,medio,autunno_inverno
Bottom,poliestere,colorato,lungo,estate
Bottom,seta,colorato,medio,autunno_inverno
Bottom,cashmere,chiaro,corto,all
Bottom,poliestere,chiaro,medio,autunno
Bottom,cotone,colorato,medio,all
Bottom,lana,scuro,lungo,primavera
Bottom,cotone,scuro,medio,autunno_inverno
Bottom,tweed,scuro,corto,estate
Bottom,lino,chiaro,corto,autunno_inverno
Bottom,cashmere,scuro,corto,primavera_estate
Bottom,poliestere,scuro,corto,all
Bottom,cashmere,chiaro,lungo,autunno
Bottom,poliestere,colorato,medio,primavera_estate
Bottom,cotone,scuro,lungo,primavera
Bottom,cotone,chiaro,lungo,autunno_inverno
Bottom,poliestere,chiaro,lungo,autunno
Bottom,seta,scuro,corto,primavera
Bottom,raso,chiaro,medio,autunno
Bottom,lino,colorato,medio,primavera
Bottom,lino,chiaro,corto,estate
Bottom,cotone,scuro,corto,primavera_estate
Bottom,velluto,chiaro,medio,estate
Bottom,poliestere,scuro,medio,primavera_estate
Bottom,tweed,chiaro,corto,primavera_estate
Bottom,velluto,scuro,medio,all
Bottom,seta,scuro,corto,primavera_estate
Bottom,raso,scuro,corto,inverno
Bottom,lana,colorato,corto,estate
Bottom,velluto,chiaro,lungo,inverno
Bottom,velluto,scuro,medio,all
Bottom,tweed,scuro,medio,estate
Bottom,velluto,chiaro,corto,autunno
Bottom,poliestere,scuro,medio,estate
Bottom,cotone,chiaro,medio,primavera
Bottom,cotone,colorato,lungo,primavera
Bottom,poliestere,scuro,lungo,all
Bottom,cashmere,colorato,medio,inverno
Bottom,tweed,colorato,lungo,inverno
Bottom,cotone,colorato,corto,autunno
Bottom,lana,scuro,corto,primavera
Bottom,velluto,scuro,medio,inverno
Bottom,velluto,chiaro,lungo,autunno_inverno
Bottom,poliestere,scuro,corto,autunno
Bottom,seta,chiaro,lungo,primavera_estate
Bottom,velluto,chiaro,corto,primavera_estate
Bottom,cotone,scuro,corto,estate
Bottom,seta,colorato,corto,inverno
Bottom,velluto,scuro,lungo,autunno_inverno
Bottom,cashmere,chiaro,lungo,all
Bottom,raso,chiaro,corto,autunno_inverno
Bottom,poliestere,colorato,corto,all
Bottom,raso,chiaro,corto,all
Bottom,cotone,colorato,medio,autunno
Bottom,seta,chiaro,lungo,all
Bottom,lino,colorato,lungo,autunno_inverno
Bottom,tweed,scuro,corto,primavera
Bottom,tweed,colorato,medio,primavera_estate
Bottom,lino,chiaro,lungo,estate
Bottom,poliestere,scuro,lungo,primavera_estate
Bottom,tweed,chiaro,corto,autunno_inverno
Bottom,seta,colorato,corto,inverno
Bottom,lino,colorato,corto,primavera_estate
Bottom,velluto,scuro,medio,autunno_inverno
Bottom,raso,scuro,corto,estate
Bottom,poliestere,chiaro,medio,primavera_estate
Bottom,raso,scuro,medio,all
Bottom,poliestere,chiaro,corto,primavera
Bottom,poliestere,scuro,lungo,all
Bottom,lana,colorato,medio,autunno_inverno
Bottom,lana,chiaro,medio,estate
Bottom,tweed,chiaro,corto,primavera
Bottom,cotone,scuro,medio,primavera_estate
Bottom,lana,colorato,corto,primavera
Bottom,raso,colorato,medio,primavera_estate
Bottom,seta,scuro,lungo,estate
Bottom,velluto,scuro,lungo,autunno
Bottom,lana,colorato,lungo,estate
Bottom,cashmere,colorato,lungo,primavera_estate
Bottom,raso,colorato,medio,all
Bottom,cotone,colorato,medio,primavera
Bottom,lino,chiaro,medio,all
Bottom,velluto,chiaro,lungo,autunno_inverno
Bottom,lana,colorato,corto,autunno_inverno
Bottom,tweed,scuro,corto,autunno_inverno
Bottom,velluto,scuro,lungo,autunno_inverno
Bottom,cotone,chiaro,lungo,inverno
Bottom,raso,chiaro,corto,autunno_inverno
Bottom,cashmere,chiaro,medio,all
Bottom,lino,chiaro,corto,autunno
Bottom,tweed,colorato,corto,primavera_estate
Bottom,cotone,colorato,lungo,primavera
Bottom,poliestere,colorato,medio,autunno
Bottom,poliestere,chiaro,medio,estate
Bottom,cotone,scuro,corto,estate
Bottom,cotone,colorato,lungo,autunno_inverno
Bottom,tweed,scuro,corto,primavera_estate
Bottom,velluto,colorato,medio,autunno
Bottom,tweed,chiaro,corto,all
Bottom,raso,scuro,medio,estate
Bottom,cotone,chiaro,lungo,primavera
Bottom,velluto,colorato,lungo,inverno
Bottom,seta,colorato,medio,autunno_inverno
Bottom,velluto,scuro,medio,primavera_estate
Bottom,cotone,colorato,corto,estate
Bottom,velluto,scuro,medio,autunno
Bottom,tweed,scuro,medio,primavera
Bottom,velluto,colorato,lungo,estate
Bottom,poliestere,colorato,corto,primavera_estate
Bottom,tweed,chiaro,lungo,primavera
Bottom,cashmere,colorato,medio,autunno_inverno
Bottom,tweed,scuro,medio,primavera
Bottom,cotone,scuro,medio,primavera_estate
Bottom,raso,scuro,medio,autunno_inverno
Bottom,lana,chiaro,corto,all
Bottom,cotone,chiaro,lungo,estate
Bottom,poliestere,colorato,corto,estate
Bottom,lana,scuro,medio,estate
Bottom,cotone,scuro,medio,primavera_estate
Bottom,velluto,colorato,corto,primavera_estate
Bottom,lino,scuro,corto,inverno
Bottom,raso,chiaro,medio,inverno
Bottom,lino,colorato,medio,inverno
Bottom,lana,scuro,corto,inverno
Bottom,seta,scuro,lungo,primavera_estate
Bottom,lino,colorato,medio,autunno_inverno
Bottom,raso,scuro,lungo,autunno_inverno
Bottom,poliestere,colorato,lungo,inverno
Bottom,velluto,chiaro,lungo,all
Bottom,tweed,chiaro,medio,autunno
Bottom,cashmere,colorato,medio,inverno
Bottom,lana,colorato,medio,primavera
Bottom,velluto,chiaro,corto,primavera
Bottom,cotone,scuro,corto,all
Bottom,cotone,chiaro,corto,inverno
Bottom,poliestere,colorato,medio,estate
Bottom,poliestere,chiaro,medio,inverno
Bottom,lana,scuro,lungo,primavera
Bottom,tweed,chiaro,medio,inverno
Bottom,lana,scuro,lungo,autunno_inverno
Bottom,velluto,scuro,medio,autunno_inverno
Bottom,cotone,chiaro,medio,primavera
Bottom,seta,scuro,medio,primavera
Bottom,lino,colorato,medio,all
Bottom,cotone,colorato,corto,estate
Bottom,velluto,scuro,lungo,autunno
Bottom,raso,chiaro,lungo,primavera
Bottom,cashmere,scuro,medio,primavera_estate
Bottom,tweed,colorato,medio,primavera_estate
Bottom,cashmere,scuro,corto,primavera
Bottom,cotone,colorato,corto,autunno_inverno
Bottom,lino,chiaro,corto,estate
Bottom,seta,colorato,medio,autunno_inverno
Bottom,raso,chiaro,medio,primavera
Bottom,cashmere,scuro,lungo,primavera
Bottom,cotone,scuro,corto,estate
Bottom,lana,chiaro,medio,primavera_estate
Bottom,tweed,scuro,medio,inverno
Bottom,poliestere,colorato,medio,primavera_estate
Bottom,lana,chiaro,corto,estate
Bottom,cotone,colorato,lungo,autunno_inverno
Bottom,seta,chiaro,medio,all
Bottom,cashmere,colorato,corto,autunno
Bottom,raso,chiaro,lungo,all
Bottom,lana,chiaro,medio,all
Bottom,raso,chiaro,lungo,primavera
Bottom,raso,scuro,medio,autunno
Bottom,poliestere,chiaro,lungo,autunno_inverno
Bottom,velluto,chiaro,lungo,primavera_estate
Bottom,lana,chiaro,corto,inverno
Bottom,cotone,chiaro,corto,all
Bottom,lana,chiaro,medio,inverno
Bottom,lino,chiaro,lungo,all
Bottom,lino,colorato,corto,autunno_inverno
Bottom,seta,chiaro,medio,all
Bottom,velluto,scuro,lungo,estate
Bottom,poliestere,chiaro,lungo,estate
Bottom,velluto,chiaro,medio,all
Bottom,cotone,scuro,medio,autunno
Bottom,cotone,chiaro,lungo,estate
Bottom,tweed,colorato,medio,estate
Bottom,lana,chiaro,medio,primavera
Bottom,cotone,scuro,medio,inverno
Bottom,raso,scuro,lungo,autunno
Bottom,lana,chiaro,lungo,autunno
Bottom,cashmere,colorato,corto,inverno
Bottom,lino,scuro,lungo,all
Bottom,cotone,colorato,medio,primavera
Bottom,tweed,colorato,lungo,inverno
Bottom,cashmere,colorato,corto,primavera_estate
Bottom,lino,scuro,medio,primavera
Bottom,velluto,chiaro,corto,primavera
Bottom,tweed,scuro,medio,inverno
Bottom,seta,scuro,medio,all
Bottom,cashmere,chiaro,medio,estate
Bottom,tweed,colorato,medio,inverno
Bottom,seta,chiaro,lungo,inverno
Bottom,poliestere,chiaro,corto,primavera_estate
Bottom,lana,scuro,lungo,all
Bottom,poliestere,scuro,lungo,primavera_estate
Bottom,lana,chiaro,medio,inverno
Bottom,lino,chiaro,medio,all
Bottom,poliestere,chiaro,lungo,all
Bottom,tweed,scuro,corto,inverno
Bottom,seta,chiaro,medio,autunno
Bottom,raso,colorato,medio,estate
Bottom,poliestere,colorato,lungo,primavera_estate
Bottom,poliestere,colorato,lungo,primavera
Bottom,tweed,scuro,lungo,primavera_estate
Bottom,cotone,scuro,corto,primavera
Bottom,poliestere,colorato,corto,estate
Bottom,cashmere,scuro,lungo,autunno
Bottom,cashmere,chiaro,corto,estate
Bottom,raso,colorato,lungo,autunno_inverno
Bottom,cashmere,scuro,medio,all
Bottom,raso,scuro,corto,autunno_inverno
Bottom,velluto,chiaro,corto,inverno
Bottom,tweed,scuro,lungo,primavera_estate
Bottom,poliestere,chiaro,medio,inverno
Bottom,cashmere,scuro,medio,primavera
Bottom,lana,chiaro,medio,primavera
Bottom,lino,colorato,lungo,inverno
Bottom,cashmere,chiaro,corto,autunno
Bottom,raso,chiaro,medio,primavera
Bottom,lino,chiaro,lungo,autunno
Bottom,lino,colorato,lungo,autunno
Bottom,lino,colorato,corto,autunno
Bottom,cashmere,scuro,lungo,primavera
Bottom,velluto,colorato,lungo,primavera
Bottom,seta,colorato,corto,all
Bottom,tweed,chiaro,medio,autunno_inverno
Bottom,seta,chiaro,medio,autunno_inverno
Bottom,lino,chiaro,lungo,inverno
Bottom,velluto,colorato,medio,inverno
Bottom,cotone,chiaro,medio,primavera_estate
Bottom,velluto,scuro,lungo,autunno
Bottom,poliestere,scuro,corto,primavera_estate
Bottom,cashmere,scuro,lungo,all
Bottom,poliestere,colorato,lungo,inverno
Bottom,raso,colorato,corto,primavera_estate
Bottom,cashmere,colorato,lungo,autunno_inverno
Bottom,poliestere,colorato,lungo,inverno
Bottom,lana,scuro,lungo,autunno
Bottom,tweed,colorato,lungo,primavera_estate
Bottom,velluto,colorato,medio,primavera
Bottom,raso,colorato,corto,autunno
Bottom,tweed,colorato,medio,all
Bottom,cashmere,colorato,lungo,autunno_inverno
Bottom,cashmere,chiaro,lungo,primavera
Bottom,poliestere,chiaro,corto,primavera
Bottom,tweed,colorato,medio,autunno_inverno
Bottom,lana,chiaro,lungo,all
Bottom,velluto,scuro,medio,all
Bottom,velluto,scuro,corto,inverno
Bottom,tweed,chiaro,lungo,autunno
Bottom,cashmere,chiaro,corto,primavera_estate
Bottom,lana,scuro,lungo,inverno
Bottom,seta,scuro,corto,autunno_inverno
Bottom,cashmere,scuro,medio,primavera_estate
Bottom,velluto,colorato,lungo,autunno
Bottom,cotone,scuro,medio,inverno
Bottom,velluto,chiaro,corto,all
Bottom,lana,chiaro,medio,autunno
Bottom,lana,scuro,medio,autunno_inverno
Bottom,tweed,colorato,medio,all
Bottom,lino,chiaro,lungo,autunno_inverno
Bottom,tweed,chiaro,lungo,autunno_inverno
Bottom,raso,colorato,medio,primavera_estate
Bottom,cashmere,chiaro,medio,all
Bottom,cashmere,chiaro,medio,autunno
Bottom,poliestere,colorato,lungo,inverno
Bottom,velluto,colorato,lungo,primavera
Bottom,raso,scuro,lungo,primavera_estate
Bottom,cashmere,colorato,medio,primavera_estate
Bottom,seta,scuro,corto,all
Bottom,cotone,scuro,corto,inverno
Bottom,poliestere,chiaro,medio,all
Bottom,velluto,chiaro,medio,primavera
Bottom,tweed,colorato,corto,all
Bottom,seta,colorato,lungo,primavera_estate
Bottom,lino,chiaro,medio,primavera
Bottom,velluto,colorato,corto,autunno_inverno
Bottom,cashmere,colorato,corto,all
Bottom,cashmere,colorato,lungo,primavera_estate
Bottom,cashmere,chiaro,medio,autunno
Bottom,lino,scuro,lungo,inverno
Bottom,lana,scuro,lungo,all
Bottom,poliestere,colorato,lungo,autunno_inverno
Bottom,cashmere,chiaro,corto,primavera
Bottom,poliestere,scuro,lungo,autunno_inverno
Bottom,lino,colorato,corto,all
Bottom,poliestere,chiaro,corto,primavera_estate
Bottom,lino,colorato,medio,primavera_estate
Bottom,cotone,scuro,medio,primavera
Bottom,poliestere,colorato,medio,all
Bottom,velluto,chiaro,corto,all
Bottom,cotone,colorato,corto,autunno
Bottom,seta,colorato,lungo,all
Bottom,poliestere,scuro,lungo,inverno
Bottom,poliestere,colorato,corto,primavera
Bottom,raso,scuro,corto,primavera
Bottom,cotone,colorato,corto,primavera
Bottom,velluto,scuro,corto,primavera_estate
Bottom,cotone,scuro,medio,autunno
Bottom,lino,chiaro,lungo,primavera
Bottom,velluto,colorato,corto,autunno
Bottom,velluto,scuro,lungo,all
Bottom,poliestere,colorato,lungo,autunno
Bottom,poliestere,chiaro,medio,autunno_inverno
Bottom,cotone,chiaro,lungo,all
Bottom,raso,colorato,corto,all
Bottom,tweed,colorato,medio,primavera_estate
Bottom,velluto,colorato,medio,autunno
Bottom,seta,scuro,lungo,autunno
Bottom,poliestere,scuro,medio,all
Bottom,tweed,chiaro,lungo,primavera_estate
Bottom,seta,scuro,corto,all
Bottom,velluto,colorato,lungo,autunno_inverno
Bottom,cotone,chiaro,medio,all
Bottom,poliestere,colorato,lungo,autunno
Bottom,lana,scuro,medio,primavera_estate
Bottom,cotone,colorato,medio,primavera_estate
Bottom,tweed,colorato,medio,autunno_inverno
Bottom,velluto,colorato,lungo,primavera
Bottom,lana,colorato,medio,autunno_inverno
Bottom,cotone,colorato,lungo,all
Bottom,raso,colorato,medio,primavera
Bottom,raso,colorato,corto,primavera
Bottom,raso,colorato,medio,autunno
Bottom,lana,scuro,medio,primavera_estate
Bottom,cashmere,scuro,lungo,primavera
Bottom,tweed,scuro,corto,autunno
Bottom,raso,chiaro,medio,autunno
Bottom,seta,chiaro,medio,autunno_inverno
Bottom,poliestere,colorato,lungo,autunno_inverno
Bottom,lana,colorato,corto,primavera
Bottom,velluto,scuro,lungo,autunno_inverno
Bottom,lino,colorato,medio,primavera_estate
Bottom,raso,scuro,corto,inverno
Bottom,poliestere,chiaro,corto,autunno_inverno
Bottom,poliestere,chiaro,lungo,inverno
Bottom,velluto,colorato,corto,primavera
Bottom,velluto,chiaro,medio,inverno
Bottom,velluto,colorato,corto,autunno
Bottom,velluto,chiaro,lungo,autunno
Bottom,tweed,scuro,lungo,all
Bottom,raso,scuro,medio,inverno
Bottom,seta,scuro,corto,autunno_inverno
Bottom,seta,colorato,lungo,autunno_inverno
Bottom,tweed,scuro,medio,autunno_inverno
Bottom,raso,colorato,lungo,autunno_inverno
Bottom,raso,colorato,corto,autunno_inverno
Bottom,tweed,chiaro,corto,autunno
Bottom,seta,colorato,corto,autunno_inverno
Bottom,raso,scuro,medio,primavera_estate
Bottom,cotone,chiaro,lungo,primavera_estate
Bottom,raso,colorato,medio,primavera
Bottom,cashmere,chiaro,corto,inverno
Bottom,cashmere,scuro,lungo,inverno
Bottom,poliestere,scuro,medio,autunno
Bottom,tweed,colorato,lungo,autunno_inverno
Bottom,cotone,chiaro,corto,primavera_estate
Bottom,velluto,scuro,corto,all
Bottom,tweed,chiaro,lungo,autunno
Bottom,poliestere,colorato,lungo,primavera
Bottom,tweed,chiaro,medio,primavera_estate
Bottom,poliestere,scuro,lungo,all
Bottom,cotone,chiaro,medio,autunno_inverno
Bottom,velluto,scuro,medio,autunno
Bottom,tweed,scuro,lungo,autunno
Bottom,seta,scuro,corto,inverno
Bottom,cotone,scuro,lungo,autunno
Bottom,seta,chiaro,lungo,primavera
Bottom,lino,colorato,lungo,primavera
Bottom,cotone,chiaro,medio,inverno
Bottom,cashmere,colorato,lungo,all
Bottom,raso,chiaro,lungo,autunno_inverno
Bottom,cotone,colorato,corto,autunno_inverno
Bottom,poliestere,colorato,medio,autunno
Bottom,raso,scuro,corto,primavera_estate
Bottom,cotone,chiaro,corto,all
Bottom,tweed,colorato,corto,inverno
Bottom,tweed,scuro,corto,autunno_inverno
Bottom,lino,scuro,medio,autunno
Bottom,cotone,scuro,corto,autunno
Bottom,velluto,scuro,corto,autunno_inverno
Bottom,poliestere,chiaro,corto,inverno
Bottom,lino,colorato,lungo,primavera
Bottom,lino,scuro,lungo,inverno
Bottom,cotone,colorato,medio,autunno_inverno
Bottom,raso,chiaro,medio,autunno_inverno
Bottom,tweed,scuro,corto,autunno_inverno
Bottom,cotone,scuro,medio,primavera_estate
Bottom,lino,scuro,medio,autunno_inverno
Bottom,lana,chiaro,corto,inverno
Bottom,velluto,chiaro,medio,primavera_estate
Bottom,lino,chiaro,medio,primavera_estate
Bottom,cotone,colorato,lungo,inverno
Bottom,cotone,colorato,lungo,autunno
Bottom,lana,chiaro,corto,autunno_inverno
Bottom,lana,colorato,corto,primavera_estate
Bottom,cotone,scuro,lungo,all
Bottom,tweed,scuro,corto,primavera_estate
Bottom,lana,colorato,lungo,autunno_inverno
Bottom,velluto,scuro,lungo,autunno
Bottom,raso,colorato,lungo,autunno
Bottom,cotone,colorato,medio,autunno
Bottom,tweed,colorato,corto,all
Bottom,seta,scuro,lungo,primavera
Bottom,seta,chiaro,lungo,inverno
Bottom,poliestere,scuro,corto,all
Bottom,raso,chiaro,medio,primavera
Bottom,lana,scuro,lungo,autunno
Bottom,poliestere,colorato,corto,autunno_inverno
Bottom,cotone,chiaro,lungo,autunno_inverno
Bottom,seta,colorato,lungo,all
Bottom,tweed,scuro,corto,autunno_inverno
Bottom,poliestere,chiaro,corto,primavera
Bottom,seta,chiaro,corto,autunno
Bottom,seta,scuro,lungo,primavera
Bottom,lino,colorato,lungo,primavera
Bottom,poliestere,scuro,corto,autunno_inverno
Bottom,velluto,chiaro,medio,autunno
Bottom,cashmere,scuro,lungo,inverno
Bottom,velluto,colorato,lungo,primavera_estate
Bottom,raso,scuro,lungo,inverno
Bottom,cotone,scuro,medio,autunno
Bottom,cotone,chiaro,corto,all
Bottom,cotone,scuro,lungo,primavera
Bottom,cashmere,chiaro,corto,primavera
Bottom,seta,chiaro,corto,all
Bottom,raso,chiaro,lungo,inverno
Bottom,cotone,chiaro,medio,autunno
Bottom,lino,chiaro,lungo,inverno
Bottom,tweed,chiaro,corto,all
Bottom,seta,scuro,medio,autunno_inverno
Bottom,velluto,chiaro,medio,autunno
Bottom,seta,colorato,lungo,autunno_inverno
Bottom,lana,chiaro,corto,autunno_inverno
Bottom,lana,chiaro,medio,all
Bottom,raso,chiaro,corto,all
Bottom,velluto,chiaro,lungo,autunno_inverno
Bottom,raso,chiaro,lungo,autunno
Bottom,lana,colorato,medio,autunno_inverno
Bottom,tweed,chiaro,corto,primavera_estate
Bottom,cotone,colorato,corto,autunno_inverno
Bottom,seta,colorato,corto,primavera
Bottom,tweed,chiaro,lungo,all
Bottom,cotone,colorato,medio,primavera
Bottom,cashmere,scuro,lungo,autunno
Bottom,cotone,colorato,lungo,all
Bottom,velluto,scuro,corto,inverno
Bottom,cashmere,scuro,corto,primavera
Bottom,cotone,chiaro,corto,primavera_estate
Bottom,cashmere,colorato,corto,primavera
Bottom,velluto,scuro,lungo,primavera_estate
Bottom,lana,colorato,medio,primavera
Bottom,tweed,colorato,medio,primavera
Bottom,lino,colorato,lungo,autunno
Bottom,raso,scuro,lungo,primavera_estate
Bottom,velluto,chiaro,lungo,autunno_inverno
Bottom,lino,chiaro,lungo,primavera
Bottom,lino,chiaro,medio,autunno
Bottom,lino,chiaro,medio,all
Bottom,cotone,scuro,medio,all
Bottom,seta,colorato,lungo,autunno_inverno
Bottom,cotone,chiaro,lungo,autunno
Bottom,lino,chiaro,medio,autunno_inverno
Bottom,cashmere,scuro,corto,primavera
Bottom,seta,scuro,corto,autunno_inverno
Bottom,tweed,colorato,medio,autunno_inverno
Bottom,poliestere,chiaro,corto,all
Bottom,tweed,colorato,corto,autunno
Bottom,tweed,colorato,medio,autunno
Bottom,seta,chiaro,corto,autunno_inverno
Bottom,tweed,scuro,medio,autunno
Bottom,velluto,chiaro,lungo,autunno_inverno
Bottom,poliestere,scuro,corto,primavera_estate
Bottom,velluto,scuro,corto,inverno
Bottom,lino,chiaro,corto,primavera
Bottom,raso,colorato,lungo,primavera_estate
Bottom,velluto,colorato,corto,primavera_estate
Bottom,raso,colorato,lungo,primavera_estate
Bottom,cashmere,chiaro,medio,primavera_estate
Bottom,raso,colorato,medio,autunno
Bottom,lino,scuro,medio,primavera
Bottom,poliestere,scuro,lungo,primavera
Bottom,cotone,scuro,medio,all
Bottom,velluto,scuro,corto,autunno
Bottom,cashmere,scuro,lungo,autunno
Bottom,poliestere,colorato,lungo,autunno_inverno
Bottom,cashmere,scuro,medio,primavera_estate
Bottom,lana,chiaro,lungo,all
Bottom,lana,colorato,lungo,all
Bottom,cotone,chiaro,lungo,autunno_inverno
Bottom,lana,colorato,corto,inverno
Bottom,cashmere,scuro,lungo,all
Bottom,lino,scuro,medio,all
Bottom,cashmere,scuro,corto,inverno
Bottom,lana,colorato,medio,inverno
Bottom,poliestere,chiaro,medio,autunno
Bottom,cotone,scuro,medio,all
Bottom,lino,colorato,lungo,all
Bottom,poliestere,colorato,medio,all
Bottom,lana,scuro,corto,all
Bottom,seta,chiaro,medio,all
Bottom,poliestere,scuro,corto,autunno_inverno
Bottom,raso,chiaro,corto,primavera_estate
Bottom,lana,chiaro,corto,primavera
Bottom,cashmere,chiaro,corto,all
Bottom,raso,colorato,lungo,autunno_inverno
Bottom,lino,chiaro,medio,autunno
Bottom,tweed,colorato,corto,all
Bottom,poliestere,colorato,lungo,primavera_estate
Bottom,raso,colorato,medio,autunno_inverno
Bottom,poliestere,colorato,medio,primavera_estate
Bottom,lana,scuro,corto,autunno_inverno
Bottom,seta,scuro,lungo,primavera
Bottom,tweed,scuro,corto,primavera_estate
Bottom,lana,colorato,corto,all
Bottom,seta,chiaro,corto,all
Bottom,cotone,colorato,corto,primavera_estate
Bottom,lino,scuro,medio,inverno
Bottom,lana,scuro,lungo,primavera
Bottom,cashmere,colorato,lungo,inverno
Bottom,velluto,colorato,lungo,autunno_inverno
Bottom,lino,chiaro,medio,autunno_inverno
Bottom,cashmere,chiaro,lungo,autunno_inverno
Bottom,seta,chiaro,lungo,all
Bottom,cashmere,scuro,medio,primavera
Bottom,cotone,colorato,lungo,inverno
Bottom,seta,chiaro,medio,primavera
Bottom,poliestere,colorato,lungo,all
Bottom,velluto,chiaro,medio,inverno
Bottom,lino,scuro,corto,autunno_inverno
Bottom,raso,colorato,corto,all
Bottom,lana,scuro,lungo,primavera_estate
Bottom,poliestere,colorato,corto,inverno
Bottom,lana,colorato,medio,primavera_estate
Bottom,lino,scuro,corto,primavera
Bottom,seta,chiaro,corto,autunno
Bottom,poliestere,chiaro,corto,autunno_inverno
Bottom,raso,colorato,medio,autunno
Bottom,lana,scuro,corto,autunno
Bottom,cashmere,scuro,medio,all
Bottom,velluto,scuro,medio,primavera
Bottom,cashmere,colorato,corto,autunno
Bottom,lana,scuro,corto,autunno_inverno
Bottom,seta,chiaro,medio,autunno
Bottom,lino,scuro,corto,autunno
Bottom,raso,colorato,lungo,autunno
Bottom,tweed,chiaro,medio,primavera
Bottom,raso,chiaro,lungo,primavera_estate
Bottom,lino,colorato,medio,autunno
Bottom,cotone,chiaro,lungo,autunno_inverno
Bottom,tweed,scuro,corto,primavera_estate
Bottom,cotone,scuro,lungo,all
Bottom,lana,chiaro,corto,autunno_inverno
Bottom,cashmere,chiaro,medio,primavera_estate
Bottom,velluto,scuro,lungo,autunno_inverno
Bottom,poliestere,scuro,medio,autunno_inverno
Bottom,velluto,colorato,lungo,autunno_inverno
Bottom,tweed,chiaro,corto,autunno
Bottom,poliestere,scuro,lungo,primavera
Bottom,raso,colorato,lungo,autunno
Bottom,seta,colorato,medio,inverno
Bottom,tweed,scuro,medio,primavera_estate
Bottom,poliestere,scuro,medio,inverno
Bottom,tweed,colorato,corto,autunno_inverno
Bottom,cashmere,colorato,medio,primavera
Bottom,velluto,chiaro,lungo,autunno_inverno
Bottom,tweed,chiaro,corto,all
Bottom,raso,scuro,corto,autunno
Bottom,poliestere,colorato,corto,all
Bottom,lana,scuro,medio,autunno
Bottom,tweed,colorato,lungo,primavera_estate
Bottom,lana,colorato,lungo,primavera
Bottom,velluto,scuro,medio,primavera_estate
Bottom,seta,colorato,corto,autunno
Bottom,lino,chiaro,corto,autunno_inverno
Bottom,tweed,chiaro,lungo,inverno
Bottom,raso,scuro,medio,autunno
Bottom,poliestere,scuro,corto,inverno
Bottom,cashmere,colorato,medio,autunno_inverno
Bottom,raso,scuro,medio,all
Bottom,lino,colorato,medio,autunno_inverno
Bottom,cashmere,chiaro,medio,primavera
Bottom,seta,colorato,lungo,all
Bottom,lino,scuro,medio,autunno
Bottom,tweed,colorato,medio,primavera_estate
Bottom,cotone,chiaro,medio,autunno_inverno
Bottom,seta,scuro,corto,primavera
Bottom,raso,scuro,corto,primavera_estate
Bottom,velluto,chiaro,corto,autunno
Bottom,lino,scuro,corto,inverno
Bottom,raso,colorato,corto,primavera
Bottom,tweed,chiaro,medio,autunno
Bottom,tweed,scuro,corto,inverno
Bottom,lana,chiaro,medio,inverno
Bottom,velluto,scuro,lungo,primavera
Bottom,seta,scuro,medio,primavera_estate
Bottom,tweed,chiaro,corto,autunno
Bottom,seta,scuro,corto,inverno
Bottom,velluto,colorato,medio,inverno
Bottom,seta,scuro,medio,inverno
Bottom,tweed,colorato,lungo,primavera
Bottom,poliestere,colorato,medio,primavera
Bottom,lana,colorato,lungo,autunno_inverno
Bottom,lino,scuro,corto,inverno
Bottom,poliestere,colorato,lungo,autunno_inverno
Bottom,cotone,colorato,lungo,primavera_estate
Bottom,cashmere,colorato,medio,primavera
Bottom,velluto,scuro,lungo,autunno
Bottom,lana,scuro,medio,all
Bottom,lana,colorato,lungo,autunno
Bottom,cashmere,scuro,lungo,autunno_inverno
Bottom,raso,scuro,corto,primavera_estate
Bottom,lino,colorato,lungo,primavera
Bottom,raso,scuro,medio,inverno
Bottom,tweed,scuro,medio,primavera
Bottom,seta,scuro,corto,primavera_estate
Bottom,cotone,scuro,lungo,autunno
Bottom,tweed,colorato,medio,primavera_estate
Bottom,seta,scuro,lungo,all
Bottom,cashmere,colorato,corto,primavera_estate
Bottom,poliestere,colorato,medio,primavera_estate
Bottom,cotone,scuro,lungo,all
Bottom,seta,colorato,corto,autunno_inverno
Bottom,cashmere,colorato,lungo,autunno_inverno
Bottom,lino,scuro,corto,primavera_estate
Bottom,lana,scuro,medio,inverno
Bottom,raso,colorato,corto,autunno
Bottom,poliestere,scuro,lungo,autunno_inverno
Bottom,lana,scuro,corto,primavera
Bottom,lino,colorato,corto,autunno
Bottom,lana,scuro,corto,primavera_estate
Bottom,lino,chiaro,medio,primavera_estate
Bottom,tweed,scuro,medio,inverno
Bottom,lino,colorato,lungo,autunno
Bottom,lana,scuro,corto,primavera_estate
Bottom,seta,colorato,corto,primavera
Bottom,raso,scuro,medio,autunno
Bottom,tweed,scuro,medio,primavera_estate
Bottom,lino,colorato,medio,primavera_estate
Bottom,tweed,colorato,corto,autunno_inverno
Bottom,seta,colorato,lungo,primavera
Bottom,raso,scuro,corto,autunno
Bottom,lino,chiaro,lungo,autunno
Bottom,lana,scuro,corto,autunno_inverno
Bottom,tweed,colorato,medio,primavera
Bottom,lino,chiaro,lungo,autunno
Bottom,raso,scuro,medio,primavera_estate
Bottom,tweed,scuro,corto,primavera
Bottom,cotone,colorato,medio,all
Bottom,lino,chiaro,medio,autunno
Bottom,poliestere,scuro,corto,autunno
Bottom,raso,colorato,medio,primavera_estate
Bottom,cotone,colorato,corto,primavera
Bottom,velluto,chiaro,corto,all
Bottom,velluto,chiaro,medio,autunno
Bottom,velluto,scuro,corto,autunno_inverno
Bottom,seta,chiaro,lungo,all
Bottom,lana,colorato,medio,primavera
Bottom,lino,scuro,medio,primavera_estate
Bottom,tweed,scuro,lungo,autunno
Bottom,raso,chiaro,medio,primavera_estate
Bottom,lana,colorato,lungo,all
Bottom,tweed,scuro,lungo,autunno
Bottom,lana,colorato,medio,primavera_estate
Bottom,seta,colorato,medio,all
Bottom,seta,colorato,medio,autunno
Bottom,cotone,scuro,corto,autunno
Bottom,raso,chiaro,medio,primavera
Bottom,poliestere,colorato,medio,primavera_estate
Bottom,raso,colorato,corto,inverno
Bottom,cashmere,scuro,medio,primavera
Bottom,tweed,chiaro,corto,inverno
Bottom,lana,scuro,medio,primavera
Bottom,tweed,chiaro,lungo,autunno
Bottom,cashmere,chiaro,medio,autunno
Bottom,poliestere,chiaro,lungo,autunno
Bottom,lino,chiaro,corto,all
Bottom,seta,chiaro,corto,inverno
Bottom,cashmere,scuro,medio,all
Bottom,tweed,chiaro,medio,all
Bottom,velluto,scuro,lungo,all
Bottom,seta,chiaro,lungo,primavera
Bottom,cashmere,scuro,corto,autunno_inverno
Bottom,tweed,scuro,corto,all
Bottom,seta,scuro,corto,primavera_estate
Bottom,cashmere,chiaro,corto,primavera_estate
Bottom,velluto,chiaro,medio,inverno
Bottom,raso,colorato,corto,autunno
Bottom,cotone,scuro,lungo,autunno
Bottom,lana,colorato,lungo,primavera
Bottom,tweed,scuro,medio,inverno
Bottom,tweed,chiaro,corto,autunno
Bottom,lana,colorato,lungo,autunno_inverno
Bottom,poliestere,scuro,corto,inverno
Bottom,lino,colorato,medio,autunno_inverno
Bottom,cashmere,scuro,corto,all
Bottom,seta,chiaro,medio,all
Bottom,raso,chiaro,lungo,autunno
Bottom,tweed,chiaro,lungo,primavera
Bottom,cotone,scuro,medio,autunno_inverno
Bottom,seta,scuro,corto,all
Bottom,tweed,colorato,corto,primavera
Bottom,cotone,colorato,corto,primavera_estate
Bottom,lana,colorato,lungo,primavera
Bottom,tweed,chiaro,corto,primavera_estate
Bottom,poliestere,chiaro,lungo,autunno
Bottom,seta,scuro,lungo,autunno
Bottom,tweed,colorato,medio,autunno_inverno
Bottom,velluto,chiaro,medio,primavera_estate
Bottom,seta,chiaro,medio,all
Bottom,cotone,scuro,lungo,primavera_estate
Bottom,cotone,chiaro,lungo,primavera_estate
Bottom,lino,colorato,medio,primavera
Bottom,cotone,chiaro,medio,all
Bottom,tweed,scuro,medio,primavera
Bottom,cashmere,chiaro,lungo,primavera_estate
Bottom,seta,chiaro,lungo,primavera
Bottom,lino,colorato,lungo,primavera_estate
Bottom,lana,colorato,lungo,all
Bottom,raso,chiaro,medio,autunno
Bottom,cotone,colorato,medio,primavera_estate
Bottom,cotone,colorato,lungo,autunno_inverno
Bottom,tweed,scuro,lungo,autunno_inverno
Bottom,velluto,colorato,lungo,autunno
Bottom,seta,colorato,medio,autunno
Bottom,cotone,chiaro,corto,autunno_inverno
Bottom,lino,scuro,medio,autunno_inverno
Bottom,poliestere,scuro,corto,primavera
Bottom,raso,scuro,corto,autunno
Bottom,lino,scuro,corto,primavera_estate
Bottom,tweed,scuro,lungo,autunno_inverno
Bottom,lino,colorato,corto,inverno
Bottom,cashmere,scuro,lungo,autunno
Bottom,lino,scuro,medio,primavera
Bottom,raso,scuro,corto,inverno
Bottom,lana,colorato,corto,autunno
Bottom,poliestere,chiaro,lungo,autunno_inverno
Bottom,lana,scuro,lungo,autunno_inverno
Bottom,seta,chiaro,corto,autunno
Bottom,raso,colorato,lungo,inverno
Bottom,seta,chiaro,lungo,all
Bottom,raso,scuro,lungo,all
Bottom,cotone,colorato,corto,all
Bottom,cotone,colorato,corto,primavera_estate
Bottom,poliestere,scuro,medio,inverno
Bottom,cashmere,chiaro,medio,primavera_estate
Bottom,raso,scuro,corto,autunno
Bottom,raso,scuro,lungo,primavera_estate
Bottom,velluto,scuro,lungo,autunno_inverno
Bottom,seta,colorato,corto,primavera
Bottom,velluto,scuro,corto,primavera_estate
Bottom,cotone,chiaro,corto,inverno
Bottom,tweed,scuro,corto,primavera
Bottom,cotone,chiaro,lungo,inverno
Bottom,tweed,chiaro,lungo,autunno
Bottom,seta,chiaro,corto,inverno
Bottom,velluto,chiaro,lungo,all
Bottom,poliestere,scuro,corto,all
Bottom,seta,scuro,medio,primavera
Bottom,tweed,scuro,lungo,primavera
Bottom,velluto,scuro,medio,primavera_estate
Bottom,raso,scuro,medio,inverno
Bottom,raso,colorato,lungo,all
Bottom,poliestere,scuro,lungo,all
Bottom,cotone,colorato,corto,autunno_inverno
Bottom,tweed,colorato,corto,inverno
Bottom,raso,scuro,medio,primavera_estate
Bottom,raso,chiaro,corto,primavera
Bottom,cashmere,colorato,lungo,inverno
Bottom,velluto,colorato,medio,autunno
Bottom,velluto,scuro,lungo,all
Bottom,tweed,chiaro,medio,inverno
Bottom,raso,chiaro,corto,all
Bottom,lana,scuro,corto,inverno
Bottom,lino,chiaro,medio,autunno
Bottom,velluto,scuro,corto,inverno
Bottom,raso,scuro,medio,all
Bottom,lana,colorato,lungo,inverno
Bottom,cotone,scuro,lungo,primavera_estate
Bottom,raso,chiaro,lungo,autunno
Bottom,tweed,chiaro,medio,autunno_inverno
Bottom,lana,colorato,corto,autunno
Bottom,poliestere,chiaro,lungo,autunno
Bottom,lana,colorato,lungo,autunno_inverno
Bottom,velluto,chiaro,medio,autunno
Bottom,poliestere,colorato,corto,primavera
Bottom,lino,chiaro,corto,all
Bottom,raso,scuro,lungo,autunno_inverno
Bottom,poliestere,colorato,lungo,all
Bottom,raso,scuro,corto,inverno
Bottom,tweed,colorato,lungo,primavera_estate
Bottom,velluto,chiaro,lungo,all
Bottom,seta,scuro,lungo,autunno
Bottom,cotone,scuro,lungo,autunno_inverno
Bottom,cashmere,scuro,lungo,all
Bottom,lino,scuro,corto,primavera_estate
Bottom,raso,colorato,corto,primavera
Bottom,poliestere,chiaro,medio,primavera
Bottom,lino,scuro,medio,autunno
Bottom,seta,colorato,medio,autunno_inverno
Bottom,velluto,chiaro,corto,primavera_estate
Bottom,seta,colorato,medio,primavera
Bottom,velluto,colorato,lungo,autunno_inverno
Bottom,velluto,scuro,corto,inverno
Bottom,lana,chiaro,lungo,autunno_inverno
Bottom,seta,chiaro,lungo,inverno
Bottom,cashmere,colorato,lungo,autunno
Bottom,poliestere,chiaro,corto,autunno_inverno
Bottom,cashmere,chiaro,corto,autunno
Bottom,lana,chiaro,corto,autunno
Bottom,lino,scuro,lungo,all
Bottom,tweed,scuro,lungo,primavera_estate
Bottom,lino,scuro,medio,autunno
Bottom,lino,scuro,lungo,all
Bottom,lana,chiaro,lungo,autunno_inverno
Bottom,cashmere,chiaro,medio,inverno
Bottom,cotone,chiaro,corto,primavera
Bottom,lino,scuro,lungo,inverno
Bottom,lana,chiaro,medio,autunno_inverno
Bottom,tweed,colorato,corto,inverno
Bottom,raso,chiaro,corto,all
Bottom,poliestere,scuro,medio,primavera_estate
Bottom,seta,scuro,medio,all
Bottom,lana,scuro,medio,all
Bottom,lana,colorato,corto,all
Bottom,raso,chiaro,medio,inverno
Bottom,poliestere,colorato,corto,all
Bottom,lana,chiaro,medio,inverno
Bottom,tweed,scuro,lungo,primavera
Bottom,lino,scuro,corto,autunno
Bottom,tweed,colorato,corto,all
Bottom,tweed,chiaro,lungo,autunno_inverno
Bottom,tweed,chiaro,lungo,primavera
Bottom,raso,scuro,medio,autunno
Bottom,lana,colorato,lungo,inverno
Bottom,cotone,scuro,medio,autunno_inverno
Bottom,velluto,chiaro,corto,primavera
Bottom,poliestere,colorato,corto,primavera_estate
Bottom,cashmere,scuro,medio,autunno_inverno
Bottom,seta,scuro,lungo,inverno
Bottom,tweed,scuro,corto,all
Bottom,velluto,chiaro,lungo,primavera
Bottom,cashmere,scuro,lungo,autunno
Bottom,poliestere,colorato,medio,autunno
Bottom,raso,chiaro,corto,primavera
Bottom,raso,colorato,corto,inverno
Bottom,tweed,scuro,corto,primavera
Bottom,seta,scuro,corto,inverno
Bottom,cotone,colorato,lungo,inverno
Bottom,raso,scuro,medio,primavera
Bottom,tweed,scuro,medio,autunno_inverno
Bottom,tweed,colorato,lungo,autunno
Bottom,lino,colorato,medio,primavera_estate
Bottom,tweed,scuro,lungo,autunno_inverno
Bottom,raso,scuro,lungo,all
Bottom,tweed,chiaro,corto,primavera_estate
Bottom,lana,scuro,medio,all
Bottom,lana,chiaro,medio,primavera
Bottom,seta,chiaro,corto,primavera_estate
Bottom,lino,scuro,medio,primavera
Bottom,cotone,scuro,lungo,primavera
Bottom,tweed,colorato,corto,all
Bottom,raso,colorato,lungo,all
Bottom,tweed,colorato,corto,autunno_inverno
Bottom,tweed,scuro,lungo,primavera_estate
Bottom,cashmere,scuro,medio,autunno_inverno
Bottom,lino,scuro,corto,primavera
Bottom,cashmere,scuro,corto,autunno
Bottom,cashmere,colorato,lungo,all
Bottom,lana,chiaro,lungo,primavera
Bottom,poliestere,chiaro,corto,autunno
Bottom,velluto,scuro,lungo,primavera
Bottom,cashmere,scuro,medio,autunno
Bottom,tweed,scuro,medio,autunno_inverno
Bottom,seta,scuro,medio,primavera
Bottom,cotone,chiaro,lungo,autunno
Bottom,lana,chiaro,corto,primavera
Bottom,tweed,colorato,corto,all
Bottom,poliestere,colorato,corto,primavera
Bottom,lino,colorato,corto,autunno
Bottom,velluto,chiaro,corto,primavera
Bottom,tweed,scuro,lungo,primavera_estate
Bottom,velluto,chiaro,lungo,primavera_estate
Bottom,tweed,chiaro,corto,autunno
Bottom,lino,chiaro,corto,all
Bottom,cashmere,chiaro,corto,primavera_estate
Bottom,lana,scuro,medio,primavera
Bottom,lino,scuro,corto,primavera_estate
Bottom,velluto,colorato,lungo,primavera
Bottom,poliestere,colorato,corto,autunno
Bottom,cashmere,colorato,lungo,primavera_estate
Bottom,velluto,colorato,corto,autunno_inverno
Bottom,raso,colorato,medio,primavera_estate
Bottom,poliestere,chiaro,corto,primavera_estate
Bottom,cotone,chiaro,corto,all
Bottom,poliestere,chiaro,medio,autunno
Bottom,raso,chiaro,medio,autunno_inverno
Bottom,lino,scuro,medio,all
Bottom,raso,colorato,corto,primavera_estate
Bottom,seta,colorato,lungo,primavera_estate
Bottom,seta,colorato,lungo,autunno_inverno
Bottom,cotone,colorato,lungo,autunno
Bottom,tweed,scuro,corto,autunno_inverno
Bottom,tweed,scuro,corto,all
Bottom,poliestere,scuro,lungo,inverno
Bottom,lino,chiaro,corto,primavera_estate
Bottom,cashmere,chiaro,medio,inverno
Bottom,velluto,chiaro,lungo,autunno_inverno
Bottom,seta,colorato,lungo,inverno
Bottom,tweed,scuro,lungo,autunno
Bottom,cashmere,scuro,medio,primavera
Bottom,cotone,chiaro,lungo,primavera_estate
Bottom,lana,scuro,lungo,autunno
Bottom,lana,colorato,medio,primavera
Bottom,lana,colorato,medio,inverno
Bottom,seta,scuro,corto,autunno_inverno
Bottom,lino,colorato,corto,autunno
Bottom,lana,colorato,medio,primavera_estate
Bottom,lana,colorato,medio,primavera_estate
Bottom,cotone,scuro,corto,autunno
Bottom,seta,scuro,medio,all
Bottom,velluto,colorato,lungo,all
Bottom,lana,colorato,lungo,inverno
Bottom,cotone,scuro,medio,autunno
Bottom,poliestere,scuro,medio,inverno
Bottom,tweed,colorato,medio,autunno_inverno
Bottom,lana,scuro,medio,autunno_inverno
Bottom,raso,scuro,corto,primavera
Bottom,raso,chiaro,corto,primavera_estate
Bottom,raso,colorato,lungo,all
Bottom,cashmere,colorato,medio,autunno
Bottom,seta,colorato,corto,autunno
Bottom,cotone,chiaro,medio,primavera
Bottom,tweed,colorato,medio,primavera_estate
Bottom,lino,scuro,corto,all
Bottom,velluto,chiaro,lungo,all
Bottom,raso,chiaro,medio,primavera_estate
Bottom,poliestere,chiaro,corto,autunno
Bottom,seta,colorato,corto,autunno
Bottom,cotone,scuro,medio,autunno_inverno
Bottom,cashmere,chiaro,lungo,autunno_inverno
Bottom,raso,colorato,medio,all
Bottom,raso,chiaro,lungo,primavera
Bottom,tweed,colorato,lungo,primavera
Bottom,velluto,scuro,medio,autunno_inverno
Bottom,seta,scuro,medio,autunno_inverno
Bottom,cashmere,chiaro,lungo,primavera
Bottom,seta,chiaro,medio,autunno_inverno
Bottom,raso,chiaro,corto,autunno
Bottom,tweed,colorato,corto,autunno_inverno
Bottom,poliestere,chiaro,corto,primavera
Bottom,lino,chiaro,corto,primavera_estate
Bottom,velluto,colorato,corto,primavera
Bottom,cotone,chiaro,lungo,inverno
Bottom,velluto,scuro,medio,autunno
Bottom,lino,chiaro,corto,all
Bottom,cashmere,colorato,corto,all
Bottom,cashmere,colorato,medio,primavera_estate
Bottom,cashmere,colorato,lungo,primavera_estate
Bottom,cashmere,scuro,lungo,primavera_estate
Bottom,cotone,colorato,medio,primavera
Bottom,seta,chiaro,medio,all
Bottom,cotone,chiaro,lungo,autunno
Bottom,velluto,chiaro,medio,primavera_estate
Bottom,cashmere,chiaro,medio,all
Bottom,lana,colorato,corto,primavera_estate
Bottom,cashmere,chiaro,lungo,autunno
Bottom,tweed,scuro,lungo,primavera
Bottom,velluto,colorato,medio,autunno_inverno
Bottom,cashmere,colorato,medio,primavera_estate
Bottom,seta,colorato,lungo,autunno_inverno
Bottom,poliestere,scuro,medio,primavera
Bottom,velluto,chiaro,corto,autunno_inverno
Bottom,cashmere,chiaro,corto,inverno
Bottom,lana,colorato,medio,all
Bottom,cotone,colorato,medio,autunno
Bottom,velluto,chiaro,corto,primavera_estate
Bottom,cotone,scuro,medio,autunno_inverno
Bottom,poliestere,scuro,lungo,primavera
Bottom,lana,chiaro,medio,primavera
Bottom,poliestere,scuro,medio,inverno
Bottom,cashmere,colorato,medio,autunno_inverno
Bottom,seta,colorato,corto,primavera
Bottom,poliestere,scuro,corto,all
Bottom,velluto,chiaro,lungo,autunno
Bottom,lino,chiaro,medio,autunno_inverno
Bottom,tweed,chiaro,corto,primavera_estate
Bottom,velluto,scuro,lungo,primavera_estate
Bottom,lino,scuro,corto,autunno
Bottom,velluto,scuro,medio,inverno
Bottom,seta,colorato,medio,all
Bottom,lana,colorato,lungo,inverno
Bottom,cashmere,chiaro,medio,all
Bottom,seta,colorato,corto,autunno
Bottom,lino,scuro,lungo,inverno
Bottom,raso,chiaro,medio,all
Bottom,tweed,chiaro,corto,inverno
Bottom,cashmere,chiaro,corto,all
Bottom,raso,scuro,corto,autunno_inverno
Bottom,cashmere,colorato,corto,primavera_estate
Bottom,seta,chiaro,lungo,inverno
Bottom,cotone,chiaro,lungo,autunno
Bottom,velluto,chiaro,lungo,primavera
Bottom,raso,chiaro,lungo,all
Bottom,cotone,colorato,lungo,primavera_estate
Bottom,tweed,colorato,corto,primavera
Bottom,tweed,scuro,lungo,all
Bottom,poliestere,scuro,lungo,autunno_inverno
Bottom,velluto,colorato,medio,autunno_inverno
Bottom,poliestere,chiaro,medio,inverno
Bottom,seta,chiaro,corto,primavera_estate
Bottom,cashmere,colorato,medio,primavera_estate