Tipo,Materiale,Colore,Manica,Stagione
Top,tweed,chiaro,lunga,autunno
Top,cashmere,scuro,corta,inverno
Top,lana,colorato,lunga,autunno
Top,lana,scuro,corta,inverno
Top,cashmere,chiaro,corta,inverno
Top,lana,chiaro,lunga,autunno_inverno
Top,tweed,scuro,corta,autunno
Top,cashmere,chiaro,lunga,inverno
Top,cashmere,scuro,corta,inverno
Top,cashmere,scuro,lunga,inverno
Top,tweed,chiaro,corta,inverno
Top,tweed,scuro,lunga,inverno
Top,tweed,chiaro,corta,autunno_inverno
Top,lana,scuro,corta,autunno_inverno
Top,cashmere,scuro,lunga,autunno
Top,tweed,chiaro,lunga,autunno_inverno
Top,lana,colorato,corta,autunno_inverno
Top,tweed,chiaro,lunga,autunno_inverno
Top,cashmere,colorato,corta,autunno_inverno
Top,lana,colorato,lunga,inverno
Top,tweed,colorato,corta,autunno_inverno
Top,cashmere,chiaro,lunga,autunno_inverno
Top,cashmere,colorato,lunga,autunno
Top,lana,colorato,lunga,autunno_inverno
Top,cashmere,scuro,lunga,inverno
Top,lana,chiaro,lunga,inverno
Top,cashmere,chiaro,lunga,inverno
Top,lana,scuro,corta,autunno_inverno
Top,cashmere,colorato,lunga,autunno
Top,tweed,scuro,corta,autunno_inverno
Top,cashmere,chiaro,lunga,inverno
Top,lana,chiaro,lunga,autunno_inverno
Top,lana,colorato,corta,autunno_inverno
Top,tweed,scuro,corta,autunno
Top,tweed,chiaro,corta,inverno
Top,cashmere,scuro,corta,autunno
Top,tweed,scuro,lunga,autunno_inverno
Top,lana,chiaro,lunga,inverno
Top,cashmere,colorato,lunga,autunno_inverno
Top,tweed,colorato,lunga,inverno
Top,lana,colorato,lunga,autunno
Top,tweed,colorato,lunga,inverno
Top,tweed,colorato,lunga,autunno_inverno
Top,tweed,colorato,lunga,autunno
Top,lana,colorato,lunga,autunno
Top,tweed,colorato,corta,autunno
Top,lana,colorato,lunga,autunno
Top,lana,chiaro,lunga,inverno
Top,cashmere,colorato,corta,autunno
Top,lana,colorato,corta,autunno_inverno
Top,lana,colorato,lunga,autunno_inverno
Top,cashmere,scuro,corta,autunno
Top,lana,colorato,lunga,autunno
Top,lana,scuro,corta,autunno
Top,cashmere,chiaro,corta,autunno
Top,lana,chiaro,lunga,autunno
Top,lana,colorato,corta,inverno
Top,lana,scuro,lunga,autunno_inverno
Top,tweed,colorato,lunga,autunno
Top,tweed,colorato,lunga,autunno_inverno
Top,lana,chiaro,corta,inverno
Top,tweed,colorato,lunga,inverno
Top,tweed,colorato,lunga,inverno
Top,tweed,colorato,corta,inverno
Top,cashmere,scuro,lunga,autunno_inverno
Top,lana,chiaro,lunga,autunno
Top,tweed,scuro,lunga,autunno_inverno
Top,tweed,chiaro,corta,inverno
Top,lana,chiaro,corta,autunno
Top,cashmere,scuro,lunga,autunno_inverno
Top,lana,colorato,corta,autunno_inverno
Top,cashmere,chiaro,corta,inverno
Top,cashmere,chiaro,corta,autunno
Top,tweed,chiaro,corta,autunno
Top,cashmere,colorato,corta,inverno
Top,lana,chiaro,corta,autunno_inverno
Top,tweed,colorato,corta,autunno_inverno
Top,lana,colorato,corta,inverno
Top,cashmere,colorato,corta,autunno_inverno
Top,tweed,scuro,corta,inverno
Top,lana,chiaro,corta,autunno
Top,tweed,colorato,corta,autunno_inverno
Top,cashmere,scuro,corta,autunno_inverno
Top,lana,scuro,lunga,autunno_inverno
Top,tweed,chiaro,lunga,autunno
Top,cashmere,scuro,lunga,autunno
Top,lana,chiaro,corta,inverno
Top,lana,chiaro,lunga,autunno_inverno
Top,cashmere,colorato,lunga,autunno_inverno
Top,tweed,chiaro,lunga,inverno
Top,lana,chiaro,lunga,autunno_inverno
Top,lana,colorato,lunga,autunno
Top,cashmere,colorato,lunga,autunno
Top,lana,scuro,lunga,autunno_inverno
Top,cashmere,colorato,corta,autunno_inverno
Top,lana,scuro,lunga,inverno
Top,tweed,scuro,lunga,autunno
Top,cashmere,chiaro,lunga,autunno
Top,cashmere,colorato,corta,autunno
Top,lana,chiaro,corta,inverno
Top,tweed,colorato,lunga,inverno
Top,cashmere,chiaro,corta,inverno
Top,tweed,chiaro,corta,autunno
Top,cashmere,colorato,corta,autunno_inverno
Top,lana,scuro,lunga,autunno_inverno
Top,lana,colorato,lunga,inverno
Top,tweed,scuro,corta,autunno
Top,cashmere,colorato,corta,autunno_inverno
Top,tweed,scuro,lunga,inverno
Top,lana,colorato,corta,autunno
Top,lana,chiaro,corta,inverno
Top,tweed,chiaro,lunga,inverno
Top,lana,scuro,lunga,inverno
Top,cashmere,colorato,corta,autunno
Top,lana,scuro,corta,autunno_inverno
Top,tweed,colorato,corta,autunno_inverno
Top,lana,colorato,lunga,inverno
Top,lana,colorato,corta,autunno_inverno
Top,lana,scuro,corta,autunno
Top,cashmere,scuro,lunga,inverno
Top,cashmere,colorato,corta,inverno
Top,lana,chiaro,corta,autunno_inverno
Top,tweed,colorato,corta,autunno
Top,lana,scuro,lunga,autunno_inverno
Top,lana,scuro,lunga,autunno
Top,tweed,scuro,lunga,inverno
Top,tweed,chiaro,lunga,inverno
Top,lana,chiaro,corta,autunno
Top,tweed,chiaro,corta,inverno
Top,tweed,scuro,lunga,autunno_inverno
Top,lana,scuro,lunga,autunno_inverno
Top,cashmere,chiaro,lunga,inverno
Top,tweed,chiaro,lunga,autunno_inverno
Top,lana,colorato,corta,autunno
Top,lana,colorato,corta,autunno
Top,tweed,colorato,corta,autunno
Top,cashmere,chiaro,lunga,autunno
Top,lana,chiaro,lunga,autunno
Top,tweed,chiaro,lunga,autunno
Top,lana,scuro,lunga,autunno
Top,lana,chiaro,lunga,inverno
Top,tweed,colorato,lunga,autunno
Top,tweed,scuro,corta,inverno
Top,tweed,scuro,corta,autunno
Top,tweed,chiaro,corta,autunno
Top,tweed,scuro,corta,inverno
Top,cashmere,colorato,lunga,inverno
Top,tweed,colorato,lunga,autunno_inverno
Top,cashmere,scuro,corta,autunno_inverno
Top,tweed,chiaro,lunga,inverno
Top,tweed,chiaro,lunga,autunno_inverno
Top,lana,colorato,corta,autunno_inverno
Top,lana,colorato,lunga,autunno
Top,lana,scuro,corta,inverno
Top,cashmere,colorato,lunga,autunno
Top,cashmere,chiaro,corta,autunno
Top,tweed,chiaro,corta,autunno
Top,lana,scuro,corta,autunno_inverno
Top,tweed,colorato,lunga,autunno_inverno
Top,tweed,chiaro,corta,inverno
Top,lana,colorato,corta,autunno_inverno
Top,tweed,chiaro,corta,inverno
Top,tweed,colorato,lunga,autunno
Top,lana,chiaro,corta,autunno
Top,lana,chiaro,lunga,inverno
Top,cashmere,colorato,lunga,inverno
Top,lana,chiaro,lunga,autunno_inverno
Top,cashmere,chiaro,corta,inverno
Top,tweed,colorato,lunga,inverno
Top,lana,chiaro,corta,inverno
Top,lana,scuro,corta,autunno
Top,cashmere,colorato,lunga,autunno
Top,tweed,colorato,lunga,autunno
Top,lana,colorato,corta,autunno_inverno
Top,cashmere,scuro,lunga,inverno
Top,tweed,colorato,corta,inverno
Top,lana,scuro,corta,inverno
Top,tweed,colorato,lunga,autunno
Top,lana,scuro,lunga,inverno
Top,cashmere,chiaro,corta,autunno
Top,lana,colorato,corta,autunno_inverno
Top,lana,colorato,corta,autunno_inverno
Top,cashmere,chiaro,corta,autunno
Top,lana,scuro,lunga,autunno_inverno
Top,cashmere,chiaro,lunga,autunno_inverno
Top,lana,scuro,lunga,inverno
Top,tweed,colorato,corta,autunno
Top,lana,chiaro,corta,autunno_inverno
Top,cashmere,scuro,lunga,inverno
Top,cashmere,chiaro,corta,autunno_inverno
Top,cashmere,chiaro,lunga,inverno
Top,tweed,colorato,lunga,inverno
Top,lana,scuro,corta,inverno
Top,tweed,colorato,lunga,autunno
Top,tweed,scuro,lunga,autunno_inverno
Top,lana,chiaro,lunga,inverno
Top,lana,chiaro,lunga,autunno
Top,tweed,chiaro,corta,inverno
Top,tweed,scuro,corta,autunno_inverno
Top,tweed,colorato,corta,inverno
Top,tweed,colorato,lunga,autunno_inverno
Top,tweed,colorato,lunga,autunno_inverno
Top,tweed,scuro,lunga,autunno
Top,tweed,colorato,lunga,inverno
Top,tweed,chiaro,corta,autunno_inverno
Top,tweed,colorato,lunga,autunno_inverno
Top,lana,chiaro,corta,inverno
Top,tweed,chiaro,lunga,inverno
Top,tweed,colorato,corta,inverno
Top,lana,colorato,lunga,autunno_inverno
Top,tweed,chiaro,lunga,autunno_inverno
Top,tweed,chiaro,corta,autunno_inverno
Top,cashmere,chiaro,corta,autunno
Top,tweed,chiaro,corta,inverno
Top,tweed,chiaro,corta,autunno_inverno
Top,lana,colorato,corta,autunno
Top,cashmere,colorato,corta,autunno_inverno
Top,cashmere,colorato,corta,autunno
Top,lana,chiaro,lunga,autunno
Top,lana,colorato,lunga,autunno_inverno
Top,lana,scuro,corta,autunno_inverno
Top,tweed,chiaro,corta,inverno
Top,tweed,colorato,corta,inverno
Top,cashmere,scuro,corta,autunno
Top,cashmere,scuro,corta,inverno
Top,tweed,colorato,corta,inverno
Top,cashmere,chiaro,corta,inverno
Top,lana,chiaro,corta,autunno_inverno
Top,tweed,chiaro,corta,autunno
Top,tweed,colorato,corta,autunno_inverno
Top,tweed,chiaro,lunga,autunno_inverno
Top,cashmere,chiaro,corta,inverno
Top,lana,chiaro,lunga,autunno_inverno
Top,lana,scuro,lunga,inverno
Top,tweed,chiaro,corta,autunno
Top,tweed,scuro,lunga,inverno
Top,cashmere,colorato,lunga,autunno_inverno
Top,cashmere,scuro,corta,inverno
Top,cashmere,scuro,lunga,autunno_inverno
Top,tweed,chiaro,corta,inverno
Top,cashmere,scuro,lunga,autunno
Top,tweed,scuro,lunga,inverno
Top,lana,scuro,corta,autunno
Top,tweed,colorato,corta,autunno_inverno
Top,cashmere,scuro,lunga,autunno
Top,lana,scuro,lunga,autunno_inverno
Top,cashmere,chiaro,lunga,autunno_inverno
Top,lana,colorato,corta,autunno_inverno
Top,tweed,scuro,lunga,autunno
Top,lana,scuro,lunga,autunno
Top,cashmere,chiaro,lunga,autunno
Top,cashmere,chiaro,corta,autunno
Top,cashmere,chiaro,corta,inverno
Top,cashmere,chiaro,corta,inverno
Top,lana,colorato,corta,autunno
Top,lana,colorato,lunga,autunno_inverno
Top,lana,chiaro,corta,autunno_inverno
Top,cashmere,colorato,lunga,inverno
Top,cashmere,scuro,lunga,autunno
Top,cashmere,chiaro,lunga,autunno
Top,cashmere,scuro,corta,autunno
Top,tweed,chiaro,lunga,autunno
Top,tweed,scuro,corta,autunno_inverno
Top,lana,colorato,lunga,autunno_inverno
Top,lana,colorato,corta,autunno
Top,tweed,chiaro,corta,autunno
Top,cashmere,colorato,corta,inverno
Top,cashmere,colorato,corta,inverno
Top,tweed,chiaro,corta,autunno_inverno
Top,cashmere,chiaro,lunga,autunno
Top,cashmere,scuro,corta,inverno
Top,tweed,scuro,lunga,autunno_inverno
Top,tweed,chiaro,lunga,autunno_inverno
Top,cashmere,chiaro,corta,autunno
Top,cashmere,colorato,corta,autunno_inverno
Top,cashmere,chiaro,lunga,inverno
Top,tweed,colorato,lunga,inverno
Top,cashmere,colorato,corta,inverno
Top,cashmere,scuro,corta,inverno
Top,cashmere,colorato,lunga,autunno
Top,tweed,scuro,lunga,autunno
Top,lana,colorato,corta,inverno
Top,tweed,scuro,lunga,inverno
Top,lana,colorato,corta,inverno
Top,tweed,colorato,lunga,autunno
Top,tweed,colorato,lunga,autunno_inverno
Top,tweed,scuro,lunga,inverno
Top,lana,chiaro,lunga,autunno
Top,tweed,chiaro,corta,autunno_inverno
Top,cashmere,colorato,corta,autunno_inverno
Top,lana,scuro,lunga,inverno
Top,cashmere,scuro,lunga,autunno_inverno
Top,lana,chiaro,lunga,autunno_inverno
Top,lana,colorato,lunga,inverno
Top,cashmere,scuro,corta,inverno
Top,lana,scuro,lunga,autunno_inverno
Top,lana,chiaro,lunga,inverno
Top,cashmere,colorato,lunga,autunno
Top,lana,scuro,lunga,autunno
Top,tweed,chiaro,corta,autunno
Top,cashmere,colorato,lunga,autunno_inverno
Top,tweed,scuro,corta,autunno_inverno
Top,tweed,scuro,corta,inverno
Top,tweed,colorato,corta,inverno
Top,cashmere,scuro,corta,inverno
Top,tweed,chiaro,lunga,inverno
Top,cashmere,chiaro,corta,autunno_inverno
Top,lana,colorato,corta,autunno_inverno
Top,cashmere,chiaro,corta,autunno_inverno
Top,lana,scuro,lunga,autunno_inverno
Top,lana,colorato,corta,autunno_inverno
Top,cashmere,chiaro,corta,autunno_inverno
Top,cashmere,chiaro,corta,autunno_inverno
Top,tweed,scuro,corta,autunno
Top,lana,chiaro,lunga,autunno_inverno
Top,tweed,scuro,corta,inverno
Top,lana,scuro,lunga,autunno_inverno
Top,tweed,chiaro,lunga,autunno
Top,lana,colorato,lunga,autunno_inverno
Top,cashmere,colorato,corta,autunno_inverno
Top,lana,scuro,corta,inverno
Top,cashmere,colorato,corta,inverno
Top,tweed,scuro,lunga,inverno
Top,cashmere,scuro,lunga,autunno
Top,lana,scuro,lunga,inverno
Top,tweed,colorato,lunga,autunno
Top,lana,scuro,lunga,autunno_inverno
Top,lana,scuro,lunga,autunno_inverno
Top,tweed,scuro,corta,inverno
Top,tweed,scuro,lunga,autunno
Top,tweed,colorato,lunga,inverno
Top,lana,chiaro,lunga,inverno
Top,lana,colorato,corta,autunno
Top,cashmere,scuro,lunga,autunno
Top,tweed,scuro,lunga,autunno_inverno
Top,tweed,colorato,lunga,autunno
Top,tweed,scuro,corta,autunno_inverno
Top,cashmere,colorato,lunga,autunno_inverno
Top,tweed,scuro,lunga,autunno
Top,cashmere,colorato,lunga,inverno
Top,cashmere,colorato,lunga,autunno_inverno
Top,lana,scuro,lunga,inverno
Top,cashmere,colorato,corta,autunno
Top,lana,chiaro,lunga,inverno
Top,cashmere,scuro,corta,autunno_inverno
Top,tweed,colorato,corta,autunno_inverno
Top,cashmere,colorato,lunga,autunno_inverno
Top,cashmere,chiaro,lunga,autunno
Top,tweed,scuro,corta,autunno_inverno
Top,lana,colorato,corta,autunno
Top,cashmere,scuro,lunga,inverno
Top,lana,chiaro,lunga,autunno_inverno
Top,lana,scuro,corta,autunno_inverno
Top,lana,scuro,lunga,autunno_inverno
Top,cashmere,colorato,corta,autunno
Top,lana,colorato,corta,autunno
Top,tweed,colorato,corta,autunno
Top,tweed,scuro,lunga,autunno
Top,cashmere,colorato,lunga,inverno
Top,cashmere,colorato,corta,autunno_inverno
Top,cashmere,colorato,lunga,autunno_inverno
Top,tweed,colorato,lunga,inverno
Top,tweed,chiaro,lunga,inverno
Top,tweed,chiaro,lunga,autunno_inverno
Top,lana,scuro,lunga,autunno_inverno
Top,cashmere,scuro,lunga,autunno
Top,lana,scuro,lunga,autunno
Top,tweed,colorato,lunga,autunno
Top,cashmere,chiaro,lunga,inverno
Top,cashmere,scuro,lunga,autunno_inverno
Top,lana,colorato,lunga,autunno
Top,tweed,scuro,corta,inverno
Top,lana,colorato,corta,autunno_inverno
Top,cashmere,scuro,corta,autunno
Top,cashmere,colorato,lunga,autunno
Top,tweed,colorato,corta,inverno
Top,lana,chiaro,corta,inverno
Top,tweed,colorato,lunga,autunno_inverno
Top,lana,colorato,corta,inverno
Top,cashmere,scuro,corta,autunno
Top,cashmere,chiaro,lunga,inverno
Top,lana,chiaro,lunga,autunno
Top,cashmere,chiaro,lunga,autunno_inverno
Top,tweed,scuro,lunga,inverno
Top,lana,chiaro,corta,inverno
Top,lana,scuro,corta,autunno
Top,lana,chiaro,lunga,autunno
Top,cashmere,scuro,lunga,autunno
Top,tweed,scuro,lunga,autunno
Top,cashmere,chiaro,lunga,autunno_inverno
Top,cashmere,colorato,corta,autunno
Top,lana,scuro,lunga,autunno
Top,lana,colorato,lunga,inverno
Top,cashmere,colorato,corta,inverno
Top,cashmere,scuro,corta,autunno_inverno
Top,lana,chiaro,lunga,autunno_inverno
Top,cashmere,chiaro,lunga,inverno
Top,lana,scuro,lunga,autunno
Top,tweed,scuro,lunga,inverno
Top,lana,scuro,corta,inverno
Top,cashmere,scuro,corta,inverno
Top,cashmere,chiaro,corta,inverno
Top,cashmere,colorato,corta,inverno
Top,lana,chiaro,lunga,autunno
Top,lana,chiaro,lunga,inverno
Top,lana,chiaro,lunga,autunno_inverno
Top,tweed,colorato,corta,autunno
Top,lana,chiaro,lunga,autunno_inverno
Top,cashmere,scuro,corta,autunno
Top,cashmere,scuro,corta,inverno
Top,lana,scuro,corta,autunno
Top,tweed,scuro,lunga,inverno
Top,tweed,colorato,lunga,inverno
Top,cashmere,chiaro,lunga,autunno
Top,cashmere,chiaro,corta,autunno
Top,cashmere,colorato,lunga,autunno
Top,lana,chiaro,lunga,inverno
Top,tweed,chiaro,corta,autunno_inverno
Top,tweed,colorato,lunga,autunno_inverno
Top,cashmere,scuro,corta,inverno
Top,cashmere,chiaro,lunga,autunno
Top,lana,chiaro,corta,inverno
Top,lana,scuro,corta,autunno
Top,cashmere,scuro,corta,inverno
Top,cashmere,chiaro,corta,autunno
Top,lana,colorato,corta,autunno
Top,cashmere,colorato,lunga,autunno_inverno
Top,cashmere,chiaro,corta,autunno
Top,cashmere,scuro,corta,inverno
Top,cashmere,scuro,lunga,autunno
Top,lana,scuro,corta,autunno_inverno
Top,lana,scuro,corta,autunno
Top,tweed,chiaro,corta,inverno
Top,tweed,chiaro,lunga,autunno
Top,tweed,scuro,corta,inverno
Top,cashmere,scuro,corta,autunno
Top,cashmere,chiaro,corta,autunno
Top,lana,chiaro,corta,inverno
Top,tweed,chiaro,corta,autunno
Top,lana,colorato,lunga,autunno
Top,cashmere,colorato,corta,inverno
Top,cashmere,scuro,corta,inverno
Top,lana,chiaro,corta,autunno
Top,tweed,colorato,lunga,autunno_inverno
Top,tweed,chiaro,lunga,autunno_inverno
Top,lana,chiaro,corta,autunno
Top,lana,scuro,corta,autunno
Top,tweed,scuro,corta,inverno
Top,tweed,colorato,corta,autunno_inverno
Top,cashmere,scuro,lunga,autunno
Top,tweed,scuro,lunga,autunno_inverno
Top,lana,colorato,corta,inverno
Top,cashmere,scuro,lunga,autunno_inverno
Top,tweed,scuro,lunga,autunno_inverno
Top,lana,colorato,corta,autunno_inverno
Top,lana,scuro,corta,autunno
Top,cashmere,chiaro,lunga,autunno
Top,cashmere,chiaro,lunga,autunno_inverno
Top,cashmere,scuro,lunga,inverno
Top,lana,colorato,corta,inverno
Top,tweed,colorato,lunga,autunno
Top,cashmere,colorato,lunga,autunno
Top,tweed,colorato,corta,autunno
Top,tweed,chiaro,corta,autunno_inverno
Top,tweed,chiaro,corta,autunno
Top,lana,chiaro,lunga,inverno
Top,lana,scuro,lunga,inverno
Top,lana,chiaro,corta,inverno
Top,cashmere,chiaro,lunga,autunno_inverno
Top,cashmere,scuro,corta,inverno
Top,cashmere,scuro,corta,autunno
Top,lana,chiaro,lunga,autunno
Top,tweed,scuro,lunga,autunno
Top,lana,chiaro,lunga,inverno
Top,cashmere,scuro,corta,autunno_inverno
Top,cashmere,colorato,lunga,autunno
Top,tweed,chiaro,corta,autunno
Top,cashmere,chiaro,corta,autunno_inverno
Top,tweed,chiaro,lunga,autunno
Top,cashmere,colorato,lunga,autunno_inverno
Top,tweed,scuro,corta,autunno
Top,cashmere,colorato,corta,autunno
Top,cashmere,chiaro,lunga,autunno_inverno
Top,cashmere,scuro,corta,autunno
Top,lana,chiaro,corta,autunno
Top,lana,chiaro,lunga,inverno
Top,lana,scuro,lunga,inverno
Top,cashmere,scuro,lunga,autunno_inverno
Top,cashmere,scuro,corta,autunno_inverno
Top,cashmere,chiaro,corta,inverno
Top,cashmere,scuro,lunga,inverno
Top,tweed,chiaro,lunga,inverno
Top,tweed,chiaro,lunga,inverno
Top,tweed,colorato,corta,autunno
Top,lana,scuro,lunga,inverno
Top,tweed,scuro,corta,autunno_inverno
Top,tweed,chiaro,corta,inverno
Top,tweed,scuro,lunga,inverno
Top,tweed,colorato,corta,inverno
Top,cashmere,colorato,corta,inverno
Top,cashmere,chiaro,corta,autunno
Top,cashmere,colorato,corta,autunno
Top,tweed,chiaro,lunga,autunno_inverno
Top,tweed,chiaro,lunga,autunno_inverno
Top,tweed,scuro,lunga,autunno
Top,lana,chiaro,corta,autunno_inverno
Top,cashmere,chiaro,corta,autunno
Top,lana,scuro,corta,inverno
Top,cashmere,chiaro,lunga,autunno
Top,tweed,colorato,lunga,inverno
Top,lana,colorato,corta,autunno_inverno
Top,tweed,scuro,lunga,autunno_inverno
Top,tweed,colorato,lunga,inverno
Top,cashmere,scuro,lunga,inverno
Top,cashmere,colorato,lunga,inverno
Top,lana,scuro,lunga,autunno_inverno
Top,cashmere,scuro,corta,inverno
Top,tweed,chiaro,corta,autunno
Top,tweed,colorato,corta,inverno
Top,lana,colorato,lunga,inverno
Top,cashmere,chiaro,corta,autunno
Top,lana,scuro,lunga,autunno
Top,tweed,scuro,lunga,inverno
Top,tweed,chiaro,corta,inverno
Top,cashmere,chiaro,corta,autunno
Top,cashmere,colorato,corta,inverno
Top,tweed,scuro,lunga,autunno_inverno
Top,tweed,scuro,lunga,autunno_inverno
Top,tweed,scuro,lunga,inverno
Top,cashmere,colorato,lunga,inverno
Top,cashmere,colorato,lunga,autunno
Top,tweed,chiaro,corta,autunno_inverno
Top,cashmere,chiaro,corta,inverno
Top,lana,colorato,corta,inverno
Top,cashmere,chiaro,lunga,inverno
Top,cashmere,chiaro,corta,inverno
Top,tweed,chiaro,corta,autunno
Top,cashmere,chiaro,lunga,autunno
Top,tweed,colorato,corta,inverno
Top,lana,scuro,corta,autunno_inverno
Top,lana,scuro,lunga,autunno
Top,tweed,colorato,lunga,autunno_inverno
Top,lana,colorato,corta,inverno
Top,cashmere,scuro,lunga,autunno
Top,tweed,scuro,lunga,inverno
Top,tweed,chiaro,lunga,autunno
Top,tweed,colorato,corta,autunno_inverno
Top,tweed,chiaro,lunga,inverno
Top,tweed,scuro,lunga,autunno
Top,tweed,chiaro,lunga,autunno
Top,cashmere,colorato,corta,autunno
Top,tweed,chiaro,corta,inverno
Top,tweed,chiaro,corta,autunno
Top,cashmere,chiaro,lunga,autunno_inverno
Top,lana,chiaro,corta,autunno
Top,cashmere,chiaro,lunga,inverno
Top,cashmere,scuro,lunga,autunno
Top,cashmere,colorato,lunga,inverno
Top,cashmere,chiaro,corta,autunno_inverno
Top,tweed,chiaro,corta,inverno
Top,tweed,colorato,corta,autunno
Top,lana,colorato,lunga,autunno_inverno
Top,tweed,scuro,lunga,autunno_inverno
Top,lana,chiaro,lunga,inverno
Top,tweed,colorato,corta,inverno
Top,tweed,scuro,corta,autunno_inverno
Top,lana,chiaro,corta,autunno
Top,tweed,scuro,corta,autunno_inverno
Top,tweed,chiaro,lunga,autunno
Top,tweed,chiaro,corta,autunno_inverno
Top,cashmere,scuro,lunga,autunno
Top,cashmere,chiaro,lunga,inverno
Top,tweed,scuro,lunga,autunno_inverno
Top,tweed,colorato,corta,autunno_inverno
Top,cashmere,colorato,corta,inverno
Top,lana,colorato,corta,inverno
Top,cashmere,chiaro,lunga,inverno
Top,tweed,scuro,lunga,inverno
Top,cashmere,scuro,corta,autunno
Top,cashmere,scuro,corta,autunno_inverno
Top,tweed,chiaro,lunga,autunno_inverno
Top,tweed,chiaro,lunga,autunno
Top,lana,chiaro,lunga,autunno
Top,lana,chiaro,corta,inverno
Top,cashmere,chiaro,lunga,inverno
Top,cashmere,scuro,lunga,autunno
Top,tweed,colorato,lunga,autunno_inverno
Top,tweed,chiaro,corta,inverno
Top,cashmere,chiaro,lunga,autunno
Top,lana,scuro,corta,autunno
Top,tweed,chiaro,corta,autunno_inverno
Top,lana,colorato,lunga,autunno_inverno
Top,tweed,colorato,lunga,autunno
Top,lana,colorato,lunga,inverno
Top,lana,colorato,corta,autunno_inverno
Top,cashmere,chiaro,corta,autunno_inverno
Top,lana,chiaro,lunga,autunno
Top,tweed,chiaro,corta,autunno
Top,tweed,chiaro,lunga,inverno
Top,lana,chiaro,lunga,autunno_inverno
Top,lana,colorato,lunga,autunno_inverno
Top,tweed,chiaro,lunga,autunno_inverno
Top,lana,colorato,corta,autunno
Top,lana,scuro,corta,autunno
Top,tweed,scuro,corta,autunno
Top,tweed,scuro,corta,inverno
Top,tweed,chiaro,corta,inverno
Top,lana,chiaro,lunga,inverno
Top,lana,scuro,corta,autunno
Top,cashmere,scuro,lunga,autunno_inverno
Top,lana,chiaro,corta,autunno
Top,lana,colorato,lunga,autunno_inverno
Top,cashmere,colorato,corta,autunno_inverno
Top,cashmere,chiaro,corta,autunno
Top,cashmere,chiaro,lunga,autunno_inverno
Top,lana,chiaro,corta,autunno
Top,lana,colorato,corta,autunno
Top,cashmere,colorato,lunga,autunno
Top,cashmere,scuro,lunga,autunno
Top,lana,colorato,corta,autunno
Top,cashmere,colorato,corta,autunno_inverno
Top,lana,colorato,lunga,autunno_inverno
Top,tweed,chiaro,corta,inverno
Top,tweed,colorato,lunga,autunno_inverno
Top,tweed,scuro,lunga,autunno_inverno
Top,cashmere,chiaro,lunga,inverno
Top,cashmere,scuro,corta,autunno_inverno
Top,lana,chiaro,corta,inverno
Top,lana,colorato,corta,autunno
Top,tweed,chiaro,lunga,inverno
Top,cashmere,scuro,lunga,inverno
Top,cashmere,colorato,corta,inverno
Top,tweed,scuro,lunga,autunno
Top,cashmere,colorato,corta,inverno
Top,lana,scuro,corta,autunno
Top,cashmere,chiaro,lunga,inverno
Top,lana,chiaro,lunga,autunno_inverno
Top,cashmere,chiaro,corta,autunno_inverno
Top,tweed,scuro,corta,autunno_inverno
Top,tweed,colorato,lunga,inverno
Top,lana,scuro,lunga,autunno
Top,cashmere,colorato,lunga,autunno_inverno
Top,lana,colorato,corta,inverno
Top,cashmere,chiaro,corta,autunno_inverno
Top,tweed,colorato,lunga,autunno_inverno
Top,lana,scuro,corta,autunno_inverno
Top,cashmere,chiaro,corta,inverno
Top,tweed,colorato,corta,inverno
Top,cashmere,chiaro,lunga,autunno_inverno
Top,lana,scuro,corta,inverno
Top,tweed,chiaro,lunga,autunno
Top,cashmere,scuro,lunga,inverno
Top,tweed,colorato,corta,inverno
Top,cashmere,scuro,lunga,autunno_inverno
Top,tweed,colorato,lunga,autunno
Top,tweed,colorato,lunga,autunno_inverno
Top,cashmere,colorato,corta,inverno
Top,cashmere,chiaro,lunga,autunno
Top,cashmere,scuro,lunga,autunno_inverno
Top,tweed,chiaro,lunga,autunno
Top,tweed,chiaro,lunga,inverno
Top,tweed,scuro,lunga,autunno
Top,tweed,chiaro,lunga,autunno
Top,cashmere,scuro,corta,autunno_inverno
Top,lana,chiaro,lunga,inverno
Top,tweed,colorato,corta,autunno
Top,tweed,colorato,corta,autunno_inverno
Top,lana,colorato,corta,autunno
Top,lana,chiaro,corta,inverno
Top,lana,scuro,lunga,autunno
Top,tweed,scuro,lunga,autunno_inverno
Top,lana,scuro,corta,inverno
Top,cashmere,scuro,lunga,autunno_inverno
Top,tweed,colorato,corta,autunno_inverno
Top,lana,scuro,lunga,autunno_inverno
Top,lana,chiaro,lunga,inverno
Top,lana,chiaro,corta,autunno_inverno
Top,cashmere,colorato,corta,autunno_inverno
Top,lana,chiaro,corta,inverno
Top,tweed,colorato,corta,autunno
Top,cashmere,chiaro,corta,autunno
Top,tweed,scuro,corta,autunno
Top,lana,scuro,lunga,autunno_inverno
Top,cashmere,chiaro,corta,inverno
Top,lana,chiaro,corta,autunno_inverno
Top,lana,colorato,corta,autunno
Top,cashmere,scuro,corta,autunno_inverno
Top,tweed,scuro,corta,autunno
Top,tweed,scuro,lunga,autunno
Top,cashmere,chiaro,lunga,inverno
Top,tweed,colorato,corta,autunno_inverno
Top,tweed,chiaro,lunga,autunno_inverno
Top,cashmere,colorato,corta,autunno
Top,lana,chiaro,lunga,inverno
Top,cashmere,scuro,lunga,inverno
Top,lana,scuro,lunga,autunno
Top,lana,chiaro,lunga,autunno_inverno
Top,tweed,chiaro,corta,autunno_inverno
Top,tweed,scuro,corta,autunno
Top,cashmere,scuro,corta,autunno
Top,cashmere,chiaro,lunga,autunno_inverno
Top,tweed,scuro,lunga,inverno
Top,cashmere,chiaro,lunga,autunno_inverno
Top,lana,chiaro,corta,autunno_inverno
Top,lana,chiaro,corta,autunno
Top,tweed,chiaro,lunga,autunno_inverno
Top,cashmere,scuro,corta,autunno_inverno
Top,tweed,colorato,corta,autunno
Top,lana,chiaro,corta,autunno_inverno
Top,lana,colorato,corta,autunno
Top,tweed,scuro,lunga,autunno
Top,tweed,scuro,corta,autunno_inverno
Top,tweed,colorato,corta,autunno_inverno
Top,cashmere,chiaro,corta,inverno
Top,lana,colorato,lunga,inverno
Top,tweed,scuro,corta,inverno
Top,cashmere,colorato,corta,autunno
Top,lana,chiaro,corta,inverno
Top,lana,scuro,lunga,inverno
Top,lana,scuro,corta,autunno
Top,tweed,scuro,corta,autunno_inverno
Top,tweed,chiaro,lunga,autunno
Top,cashmere,colorato,corta,inverno
Top,cashmere,colorato,corta,inverno
Top,tweed,chiaro,lunga,inverno
Top,tweed,colorato,lunga,inverno
Top,cashmere,colorato,lunga,inverno
Top,cashmere,chiaro,lunga,autunno
Top,lana,colorato,lunga,inverno
Top,tweed,scuro,lunga,inverno
Top,cashmere,scuro,corta,autunno
Top,tweed,chiaro,corta,autunno
Top,tweed,scuro,lunga,inverno
Top,lana,colorato,lunga,inverno
Top,lana,scuro,corta,inverno
Top,lana,chiaro,corta,autunno_inverno
Top,cashmere,colorato,corta,autunno
Top,lana,scuro,corta,inverno
Top,lana,colorato,lunga,autunno
Top,lana,scuro,corta,autunno
Top,tweed,chiaro,corta,inverno
Top,tweed,chiaro,lunga,autunno_inverno
Top,lana,chiaro,lunga,autunno
Top,cashmere,chiaro,corta,autunno_inverno
Top,lana,chiaro,corta,autunno_inverno
Top,cashmere,scuro,corta,autunno
Top,lana,chiaro,corta,autunno_inverno
Top,tweed,colorato,corta,autunno
Top,lana,colorato,corta,inverno
Top,tweed,colorato,lunga,autunno
Top,cashmere,scuro,corta,autunno_inverno
Top,tweed,scuro,corta,autunno
Top,cashmere,colorato,lunga,autunno
Top,cashmere,scuro,corta,autunno
Top,tweed,chiaro,corta,inverno
Top,lana,scuro,corta,autunno_inverno
Top,cashmere,chiaro,lunga,inverno
Top,cashmere,scuro,lunga,inverno
Top,tweed,colorato,corta,inverno
Top,lana,scuro,lunga,autunno_inverno
Top,cashmere,chiaro,lunga,autunno_inverno
Top,lana,chiaro,lunga,autunno
Top,lana,chiaro,lunga,autunno
Top,tweed,scuro,lunga,autunno_inverno
Top,cashmere,scuro,lunga,autunno
Top,tweed,chiaro,lunga,inverno
Top,lana,colorato,corta,autunno_inverno
Top,lana,colorato,corta,inverno
Top,tweed,colorato,corta,autunno
Top,cashmere,scuro,lunga,inverno
Top,tweed,scuro,corta,autunno_inverno
Top,tweed,chiaro,lunga,autunno
Top,lana,scuro,corta,inverno
Top,tweed,scuro,lunga,inverno
Top,lana,scuro,lunga,autunno_inverno
Top,tweed,scuro,lunga,autunno
Top,lana,scuro,corta,autunno_inverno
Top,cashmere,scuro,lunga,inverno
Top,cashmere,scuro,corta,inverno
Top,lana,scuro,corta,autunno
Top,tweed,scuro,corta,autunno_inverno
Top,lana,scuro,corta,inverno
Top,cashmere,colorato,lunga,inverno
Top,tweed,scuro,corta,inverno
Top,tweed,colorato,corta,inverno
Top,tweed,chiaro,lunga,autunno
Top,cashmere,colorato,corta,autunno
Top,cashmere,scuro,corta,inverno
Top,cashmere,scuro,corta,inverno
Top,cashmere,colorato,lunga,inverno
Top,lana,chiaro,lunga,inverno
Top,cashmere,colorato,corta,inverno
Top,tweed,colorato,lunga,inverno
Top,cashmere,colorato,corta,inverno
Top,lana,colorato,lunga,autunno_inverno
Top,tweed,chiaro,corta,autunno
Top,lana,scuro,corta,inverno
Top,cashmere,scuro,corta,inverno
Top,cashmere,chiaro,corta,autunno
Top,tweed,scuro,lunga,autunno
Top,tweed,chiaro,lunga,autunno_inverno
Top,cashmere,scuro,corta,autunno
Top,tweed,scuro,corta,autunno
Top,tweed,scuro,lunga,inverno
Top,tweed,chiaro,corta,autunno_inverno
Top,tweed,chiaro,lunga,inverno
Top,lana,scuro,lunga,autunno
Top,tweed,colorato,lunga,autunno
Top,tweed,scuro,corta,inverno
Top,tweed,scuro,lunga,inverno
Top,lana,chiaro,corta,autunno_inverno
Top,cashmere,chiaro,corta,autunno
Top,cashmere,scuro,lunga,autunno
Top,lana,colorato,corta,autunno
Top,tweed,scuro,lunga,autunno
Top,cashmere,colorato,corta,autunno_inverno
Top,cashmere,chiaro,corta,inverno
Top,cashmere,scuro,lunga,autunno_inverno
Top,cashmere,chiaro,lunga,autunno
Top,lana,chiaro,corta,autunno_inverno
Top,cashmere,scuro,lunga,inverno
Top,cashmere,colorato,lunga,autunno_inverno
Top,lana,chiaro,corta,autunno_inverno
Top,cashmere,scuro,lunga,autunno
Top,cashmere,colorato,corta,autunno_inverno
Top,lana,colorato,corta,inverno
Top,tweed,chiaro,lunga,autunno
Top,cashmere,chiaro,corta,autunno_inverno
Top,lana,chiaro,corta,autunno_inverno
Top,tweed,colorato,lunga,autunno_inverno
Top,cashmere,colorato,lunga,inverno
Top,lana,chiaro,lunga,autunno
Top,tweed,chiaro,lunga,autunno_inverno
Top,cashmere,colorato,corta,autunno_inverno
Top,cashmere,colorato,lunga,autunno
Top,lana,scuro,corta,inverno
Top,tweed,chiaro,corta,autunno_inverno
Top,tweed,chiaro,corta,inverno
Top,cashmere,chiaro,lunga,autunno
Top,cashmere,chiaro,lunga,autunno
Top,tweed,scuro,lunga,inverno
Top,cashmere,chiaro,corta,inverno
Top,tweed,chiaro,lunga,autunno_inverno
Top,tweed,colorato,corta,inverno
Top,cashmere,colorato,corta,autunno
Top,lana,chiaro,corta,autunno
Top,tweed,chiaro,corta,autunno
Top,cashmere,colorato,lunga,autunno_inverno
Top,cashmere,chiaro,lunga,inverno
Top,tweed,colorato,corta,autunno_inverno
Top,lana,scuro,lunga,inverno
Top,cashmere,colorato,corta,autunno_inverno
Top,tweed,chiaro,lunga,inverno
Top,cashmere,scuro,corta,autunno
Top,lana,colorato,corta,autunno_inverno
Top,lana,colorato,lunga,autunno
Top,tweed,colorato,corta,autunno
Top,cashmere,chiaro,lunga,autunno
Top,cashmere,chiaro,corta,autunno
Top,tweed,scuro,corta,inverno
Top,tweed,scuro,corta,inverno
Top,lana,colorato,lunga,autunno_inverno
Top,cashmere,scuro,lunga,inverno
Top,lana,scuro,corta,inverno
Top,tweed,scuro,corta,inverno
Top,tweed,chiaro,corta,inverno
Top,cashmere,chiaro,lunga,autunno_inverno
Top,tweed,scuro,corta,autunno_inverno
Top,tweed,scuro,lunga,inverno
Top,lana,colorato,corta,autunno
Top,cashmere,colorato,corta,autunno
Top,lana,scuro,lunga,autunno_inverno
Top,lana,colorato,lunga,autunno
Top,cashmere,chiaro,lunga,autunno_inverno
Top,cashmere,chiaro,corta,autunno
Top,lana,scuro,lunga,autunno_inverno
Top,tweed,chiaro,lunga,autunno_inverno
Top,lana,chiaro,corta,autunno_inverno
Top,cashmere,scuro,corta,inverno
Top,lana,chiaro,corta,inverno
Top,cashmere,chiaro,lunga,inverno
Top,lana,chiaro,lunga,autunno_inverno
Top,lana,colorato,lunga,autunno
Top,cashmere,colorato,lunga,autunno
Top,lana,scuro,corta,autunno_inverno
Top,cashmere,chiaro,lunga,inverno
Top,tweed,scuro,corta,autunno
Top,cashmere,colorato,lunga,inverno
Top,cashmere,scuro,corta,autunno_inverno
Top,lana,colorato,lunga,autunno
Top,lana,chiaro,corta,autunno_inverno
Top,cashmere,scuro,corta,autunno
Top,lana,chiaro,lunga,inverno
Top,lana,chiaro,corta,autunno
Top,cashmere,scuro,lunga,autunno_inverno
Top,cashmere,scuro,lunga,inverno
Top,cashmere,scuro,corta,autunno_inverno
Top,tweed,colorato,lunga,inverno
Top,lana,chiaro,corta,inverno
Top,lana,scuro,corta,autunno
Top,cashmere,chiaro,lunga,autunno
Top,cashmere,colorato,corta,inverno
Top,lana,scuro,lunga,inverno
Top,lana,scuro,lunga,inverno
Top,tweed,scuro,corta,autunno
Top,cashmere,colorato,corta,inverno
Top,lana,scuro,corta,autunno
Top,tweed,chiaro,lunga,autunno_inverno
Top,lana,colorato,lunga,autunno
Top,lana,colorato,corta,autunno_inverno
Top,tweed,colorato,lunga,autunno
Top,tweed,scuro,lunga,autunno_inverno
Top,cashmere,colorato,lunga,autunno
Top,cashmere,chiaro,lunga,autunno
Top,lana,scuro,lunga,autunno
Top,lana,chiaro,corta,inverno
Top,cashmere,chiaro,lunga,autunno
Top,tweed,colorato,lunga,inverno
Top,cashmere,chiaro,corta,autunno_inverno
Top,tweed,scuro,lunga,inverno
Top,cashmere,colorato,corta,inverno
Top,cashmere,scuro,corta,autunno_inverno
Top,lana,colorato,lunga,inverno
Top,tweed,chiaro,lunga,autunno
Top,tweed,scuro,lunga,inverno
Top,cashmere,scuro,corta,autunno
Top,lana,scuro,corta,autunno
Top,lana,chiaro,corta,autunno_inverno
Top,lana,scuro,corta,autunno_inverno
Top,lana,scuro,lunga,autunno
Top,cashmere,chiaro,lunga,autunno
Top,cashmere,chiaro,lunga,autunno_inverno
Top,lana,chiaro,corta,inverno
Top,tweed,chiaro,lunga,autunno
Top,tweed,chiaro,corta,autunno_inverno
Top,tweed,scuro,lunga,autunno_inverno
Top,cashmere,colorato,corta,autunno_inverno
Top,cashmere,scuro,lunga,autunno_inverno
Top,tweed,scuro,lunga,autunno_inverno
Top,cashmere,scuro,lunga,autunno
Top,lana,chiaro,lunga,autunno
Top,cashmere,chiaro,corta,autunno
Top,tweed,chiaro,lunga,inverno
Top,lana,chiaro,lunga,autunno_inverno
Top,tweed,scuro,corta,autunno_inverno
Top,tweed,scuro,lunga,autunno
Top,tweed,colorato,corta,autunno
Top,cashmere,scuro,lunga,autunno
Top,cashmere,colorato,lunga,autunno
Top,tweed,chiaro,corta,autunno_inverno
Top,cashmere,colorato,corta,inverno
Top,lana,colorato,lunga,autunno
Top,lana,scuro,corta,inverno
Top,lana,colorato,lunga,autunno
Top,tweed,scuro,corta,autunno_inverno
Top,cashmere,scuro,lunga,autunno_inverno
Top,tweed,colorato,lunga,inverno
Top,cashmere,chiaro,corta,inverno
Top,cashmere,chiaro,corta,autunno
Top,tweed,colorato,corta,inverno
Top,cashmere,chiaro,corta,autunno_inverno
Top,lana,chiaro,lunga,autunno
Top,tweed,colorato,lunga,inverno
Top,tweed,colorato,lunga,autunno
Top,lana,colorato,corta,autunno_inverno
Top,lana,chiaro,lunga,autunno
Top,cashmere,chiaro,lunga,inverno
Top,cashmere,chiaro,corta,autunno_inverno
Top,cashmere,colorato,lunga,inverno
Top,lana,colorato,lunga,autunno
Top,cashmere,scuro,lunga,inverno
Top,cashmere,colorato,lunga,inverno
Top,lana,scuro,corta,inverno
Top,lana,chiaro,lunga,inverno
Top,lana,scuro,corta,autunno_inverno
Top,lana,scuro,lunga,autunno_inverno
Top,lana,colorato,lunga,inverno
Top,cashmere,chiaro,lunga,inverno
Top,tweed,chiaro,corta,autunno_inverno
Top,lana,colorato,lunga,inverno
Top,cashmere,chiaro,corta,autunno_inverno
Top,cashmere,scuro,lunga,autunno
Top,tweed,colorato,corta,inverno
Top,cashmere,chiaro,lunga,inverno
Top,cashmere,colorato,corta,autunno_inverno
Top,lana,chiaro,corta,autunno
Top,tweed,colorato,lunga,inverno
Top,tweed,colorato,lunga,inverno
Top,lana,colorato,lunga,inverno
Top,lana,scuro,corta,autunno_inverno
Top,cashmere,chiaro,lunga,inverno
Top,tweed,scuro,corta,autunno
Top,tweed,chiaro,corta,autunno
Top,tweed,colorato,corta,autunno
Top,lana,colorato,corta,autunno_inverno
Top,cashmere,scuro,corta,inverno
Top,tweed,chiaro,lunga,autunno_inverno
Top,seta,chiaro,lunga,primavera
Top,lino,colorato,corta,estate
Top,seta,chiaro,lunga,estate
Top,raso,chiaro,lunga,primavera_estate
Top,raso,colorato,corta,primavera
Top,seta,colorato,lunga,primavera
Top,seta,scuro,corta,primavera
Top,raso,scuro,corta,primavera
Top,raso,scuro,lunga,primavera_estate
Top,seta,colorato,corta,primavera_estate
Top,raso,scuro,lunga,primavera_estate
Top,seta,chiaro,corta,primavera_estate
Top,raso,scuro,lunga,estate
Top,seta,colorato,lunga,primavera
Top,raso,scuro,corta,primavera_estate
Top,raso,scuro,corta,estate
Top,lino,chiaro,corta,estate
Top,raso,colorato,corta,primavera
Top,seta,scuro,lunga,estate
Top,raso,chiaro,corta,primavera
Top,raso,scuro,lunga,estate
Top,seta,scuro,corta,estate
Top,seta,colorato,lunga,primavera
Top,raso,chiaro,lunga,primavera_estate
Top,lino,scuro,lunga,primavera
Top,seta,colorato,lunga,primavera_estate
Top,seta,scuro,corta,estate
Top,seta,scuro,corta,primavera
Top,raso,colorato,corta,primavera_estate
Top,raso,chiaro,lunga,estate
Top,raso,colorato,corta,primavera
Top,lino,colorato,lunga,estate
Top,seta,chiaro,corta,primavera
Top,lino,scuro,lunga,primavera
Top,raso,chiaro,lunga,estate
Top,raso,chiaro,lunga,estate
Top,seta,colorato,corta,primavera
Top,lino,chiaro,corta,estate
Top,seta,scuro,lunga,primavera
Top,seta,scuro,corta,primavera
Top,lino,chiaro,corta,estate
Top,raso,colorato,lunga,estate
Top,seta,colorato,corta,primavera
Top,lino,scuro,lunga,primavera
Top,lino,colorato,corta,primavera_estate
Top,seta,colorato,corta,primavera_estate
Top,raso,chiaro,lunga,estate
Top,raso,scuro,corta,estate
Top,lino,scuro,corta,estate
Top,seta,chiaro,corta,primavera_estate
Top,seta,colorato,corta,primavera_estate
Top,lino,chiaro,corta,estate
Top,raso,scuro,corta,estate
Top,lino,chiaro,lunga,primavera
Top,lino,scuro,corta,primavera
Top,seta,scuro,lunga,primavera
Top,seta,colorato,lunga,primavera_estate
Top,raso,scuro,corta,primavera
Top,raso,scuro,lunga,estate
Top,seta,scuro,lunga,estate
Top,lino,chiaro,lunga,primavera_estate
Top,seta,scuro,lunga,estate
Top,raso,colorato,lunga,primavera
Top,lino,scuro,corta,primavera_estate
Top,raso,colorato,corta,primavera
Top,seta,colorato,corta,estate
Top,seta,scuro,corta,primavera_estate
Top,lino,colorato,corta,estate
Top,lino,scuro,corta,estate
Top,seta,colorato,corta,primavera
Top,lino,colorato,lunga,estate
Top,lino,scuro,corta,primavera
Top,raso,chiaro,lunga,primavera
Top,lino,chiaro,corta,estate
Top,lino,colorato,corta,estate
Top,lino,scuro,lunga,primavera_estate
Top,seta,chiaro,lunga,primavera
Top,raso,scuro,corta,primavera
Top,lino,colorato,corta,primavera
Top,seta,chiaro,lunga,estate
Top,raso,scuro,lunga,primavera_estate
Top,raso,chiaro,lunga,primavera_estate
Top,raso,chiaro,corta,estate
Top,lino,colorato,lunga,primavera
Top,raso,colorato,lunga,primavera
Top,seta,chiaro,lunga,primavera
Top,raso,scuro,corta,estate
Top,raso,scuro,lunga,primavera_estate
Top,lino,scuro,lunga,primavera_estate
Top,raso,chiaro,lunga,primavera
Top,lino,chiaro,lunga,primavera
Top,raso,scuro,corta,estate
Top,raso,chiaro,corta,primavera_estate
Top,seta,chiaro,lunga,estate
Top,lino,chiaro,lunga,primavera_estate
Top,seta,colorato,corta,estate
Top,lino,scuro,lunga,primavera_estate
Top,raso,chiaro,corta,estate
Top,raso,scuro,corta,primavera_estate
Top,seta,scuro,lunga,primavera
Top,raso,colorato,lunga,primavera
Top,seta,chiaro,corta,estate
Top,seta,chiaro,corta,primavera_estate
Top,raso,colorato,corta,primavera
Top,raso,scuro,corta,estate
Top,seta,colorato,corta,primavera
Top,raso,colorato,corta,primavera
Top,seta,colorato,lunga,primavera
Top,raso,chiaro,lunga,primavera
Top,raso,colorato,lunga,primavera
Top,seta,colorato,corta,estate
Top,lino,colorato,lunga,estate
Top,seta,scuro,lunga,estate
Top,raso,colorato,corta,primavera
Top,seta,colorato,lunga,primavera_estate
Top,raso,scuro,lunga,primavera_estate
Top,raso,colorato,corta,primavera_estate
Top,lino,colorato,lunga,primavera_estate
Top,lino,scuro,lunga,estate
Top,seta,chiaro,lunga,primavera
Top,raso,scuro,lunga,primavera
Top,lino,colorato,lunga,primavera_estate
Top,raso,scuro,corta,primavera_estate
Top,seta,colorato,lunga,primavera_estate
Top,lino,chiaro,lunga,estate
Top,raso,chiaro,corta,primavera
Top,raso,scuro,corta,estate
Top,raso,colorato,corta,primavera
Top,raso,chiaro,corta,estate
Top,raso,colorato,lunga,primavera
Top,raso,chiaro,lunga,primavera
Top,raso,colorato,lunga,primavera_estate
Top,raso,chiaro,corta,primavera_estate
Top,lino,colorato,corta,estate
Top,raso,colorato,corta,estate
Top,lino,chiaro,lunga,primavera_estate
Top,seta,scuro,corta,estate
Top,raso,chiaro,corta,primavera_estate
Top,lino,colorato,corta,estate
Top,seta,scuro,corta,primavera_estate
Top,seta,colorato,lunga,estate
Top,seta,scuro,corta,primavera
Top,raso,chiaro,corta,primavera_estate
Top,lino,colorato,lunga,estate
Top,seta,chiaro,corta,estate
Top,seta,scuro,lunga,estate
Top,seta,scuro,lunga,primavera_estate
Top,lino,scuro,lunga,estate
Top,raso,colorato,lunga,primavera_estate
Top,raso,chiaro,lunga,estate
Top,lino,chiaro,corta,primavera_estate
Top,lino,scuro,lunga,estate
Top,raso,chiaro,corta,primavera_estate
Top,lino,chiaro,lunga,primavera
Top,raso,scuro,lunga,primavera_estate
Top,lino,scuro,corta,estate
Top,lino,chiaro,corta,primavera_estate
Top,raso,colorato,lunga,estate
Top,seta,colorato,lunga,primavera
Top,raso,chiaro,lunga,primavera
Top,raso,scuro,lunga,primavera_estate
Top,seta,colorato,corta,primavera_estate
Top,seta,scuro,lunga,primavera
Top,lino,colorato,corta,estate
Top,raso,chiaro,lunga,estate
Top,lino,chiaro,lunga,primavera
Top,lino,chiaro,corta,primavera
Top,raso,chiaro,corta,estate
Top,seta,scuro,lunga,primavera
Top,seta,colorato,lunga,estate
Top,seta,chiaro,lunga,primavera
Top,raso,chiaro,lunga,primavera
Top,lino,chiaro,corta,primavera
Top,lino,colorato,lunga,primavera
Top,raso,scuro,corta,primavera
Top,lino,chiaro,corta,estate
Top,raso,colorato,corta,estate
Top,raso,chiaro,lunga,primavera_estate
Top,lino,chiaro,lunga,estate
Top,raso,colorato,corta,primavera
Top,seta,chiaro,corta,primavera_estate
Top,seta,scuro,lunga,primavera_estate
Top,seta,colorato,corta,estate
Top,lino,scuro,corta,primavera
Top,seta,colorato,corta,primavera
Top,lino,colorato,corta,primavera_estate
Top,lino,colorato,lunga,estate
Top,lino,chiaro,corta,primavera
Top,raso,scuro,lunga,primavera
Top,raso,chiaro,lunga,primavera_estate
Top,lino,colorato,corta,primavera_estate
Top,seta,chiaro,corta,primavera
Top,raso,scuro,lunga,primavera_estate
Top,raso,scuro,lunga,primavera_estate
Top,raso,scuro,corta,primavera
Top,lino,scuro,lunga,primavera
Top,raso,scuro,lunga,primavera_estate
Top,lino,scuro,corta,primavera_estate
Top,lino,chiaro,corta,estate
Top,seta,colorato,corta,primavera_estate
Top,raso,colorato,lunga,primavera_estate
Top,raso,scuro,lunga,primavera_estate
Top,seta,scuro,lunga,primavera
Top,seta,colorato,lunga,primavera
Top,lino,colorato,corta,primavera_estate
Top,seta,colorato,lunga,primavera
Top,raso,scuro,corta,primavera_estate
Top,raso,scuro,corta,estate
Top,seta,scuro,lunga,primavera
Top,lino,colorato,lunga,primavera_estate
Top,lino,colorato,lunga,primavera_estate
Top,seta,scuro,lunga,estate
Top,raso,colorato,lunga,primavera
Top,seta,colorato,lunga,estate
Top,lino,scuro,lunga,primavera
Top,raso,chiaro,corta,primavera
Top,seta,colorato,corta,estate
Top,seta,chiaro,corta,primavera
Top,raso,scuro,lunga,estate
Top,lino,scuro,corta,primavera_estate
Top,raso,colorato,corta,primavera_estate
Top,lino,scuro,corta,estate
Top,seta,chiaro,lunga,primavera_estate
Top,lino,chiaro,lunga,primavera
Top,lino,chiaro,corta,primavera_estate
Top,lino,chiaro,corta,primavera_estate
Top,seta,chiaro,corta,primavera_estate
Top,raso,colorato,corta,estate
Top,seta,scuro,lunga,estate
Top,raso,scuro,lunga,primavera_estate
Top,seta,scuro,lunga,primavera
Top,raso,colorato,lunga,primavera_estate
Top,seta,chiaro,corta,primavera_estate
Top,lino,chiaro,lunga,primavera
Top,raso,chiaro,lunga,primavera
Top,seta,colorato,corta,primavera_estate
Top,lino,colorato,corta,primavera_estate
Top,lino,chiaro,corta,primavera
Top,lino,colorato,corta,estate
Top,lino,colorato,corta,estate
Top,seta,scuro,lunga,primavera
Top,lino,chiaro,corta,primavera
Top,seta,scuro,corta,primavera
Top,raso,scuro,lunga,primavera
Top,seta,scuro,corta,primavera_estate
Top,raso,chiaro,corta,estate
Top,lino,colorato,lunga,estate
Top,raso,scuro,corta,primavera_estate
Top,seta,colorato,lunga,estate
Top,raso,colorato,lunga,primavera_estate
Top,raso,colorato,lunga,primavera
Top,lino,colorato,lunga,primavera
Top,seta,colorato,corta,estate
Top,seta,colorato,lunga,primavera_estate
Top,seta,colorato,corta,primavera_estate
Top,seta,chiaro,lunga,primavera
Top,seta,chiaro,lunga,primavera
Top,lino,chiaro,lunga,estate
Top,lino,colorato,lunga,primavera_estate
Top,seta,scuro,lunga,primavera_estate
Top,lino,colorato,lunga,primavera_estate
Top,seta,colorato,corta,primavera_estate
Top,lino,colorato,lunga,primavera_estate
Top,seta,scuro,lunga,primavera
Top,lino,colorato,lunga,primavera_estate
Top,seta,chiaro,lunga,estate
Top,raso,chiaro,lunga,primavera_estate
Top,raso,chiaro,lunga,estate
Top,lino,scuro,corta,primavera_estate
Top,lino,chiaro,lunga,estate
Top,lino,chiaro,corta,primavera
Top,raso,scuro,lunga,primavera_estate
Top,seta,colorato,corta,primavera
Top,raso,chiaro,corta,primavera
Top,lino,chiaro,corta,primavera_estate
Top,lino,scuro,corta,primavera
Top,seta,chiaro,corta,estate
Top,raso,chiaro,corta,estate
Top,raso,colorato,corta,primavera_estate
Top,seta,colorato,lunga,primavera_estate
Top,seta,chiaro,lunga,estate
Top,raso,scuro,corta,primavera_estate
Top,raso,colorato,lunga,primavera_estate
Top,raso,colorato,corta,primavera
Top,seta,scuro,corta,estate
Top,raso,chiaro,lunga,primavera
Top,lino,colorato,corta,primavera
Top,seta,chiaro,lunga,primavera
Top,raso,scuro,corta,estate
Top,lino,scuro,corta,estate
Top,lino,chiaro,corta,primavera
Top,seta,chiaro,corta,estate
Top,raso,chiaro,corta,primavera_estate
Top,raso,scuro,lunga,primavera
Top,lino,chiaro,corta,primavera
Top,seta,chiaro,lunga,primavera
Top,lino,scuro,lunga,primavera_estate
Top,lino,scuro,corta,estate
Top,seta,colorato,lunga,estate
Top,lino,colorato,lunga,estate
Top,raso,scuro,lunga,primavera_estate
Top,seta,colorato,lunga,estate
Top,seta,chiaro,corta,estate
Top,lino,scuro,lunga,estate
Top,raso,chiaro,lunga,estate
Top,seta,chiaro,corta,primavera_estate
Top,raso,colorato,corta,estate
Top,raso,scuro,lunga,primavera_estate
Top,raso,colorato,lunga,primavera
Top,lino,scuro,lunga,primavera
Top,lino,chiaro,corta,primavera
Top,raso,scuro,corta,estate
Top,seta,chiaro,lunga,primavera
Top,raso,colorato,corta,primavera
Top,raso,scuro,corta,primavera_estate
Top,lino,colorato,corta,primavera_estate
Top,raso,colorato,corta,primavera
Top,lino,colorato,lunga,primavera_estate
Top,seta,scuro,corta,primavera_estate
Top,raso,chiaro,lunga,primavera
Top,seta,chiaro,lunga,primavera_estate
Top,lino,chiaro,corta,estate
Top,lino,scuro,lunga,estate
Top,raso,scuro,lunga,primavera_estate
Top,seta,colorato,corta,primavera
Top,seta,chiaro,corta,primavera
Top,seta,chiaro,lunga,estate
Top,seta,scuro,corta,estate
Top,raso,chiaro,lunga,primavera_estate
Top,lino,colorato,corta,estate
Top,seta,scuro,lunga,primavera
Top,raso,chiaro,corta,primavera_estate
Top,seta,colorato,lunga,primavera
Top,seta,colorato,corta,primavera_estate
Top,seta,chiaro,lunga,primavera_estate
Top,lino,scuro,corta,primavera
Top,lino,colorato,corta,primavera_estate
Top,lino,scuro,lunga,primavera
Top,seta,scuro,lunga,estate
Top,lino,scuro,lunga,estate
Top,lino,colorato,lunga,estate
Top,raso,colorato,lunga,primavera_estate
Top,seta,colorato,corta,primavera
Top,lino,scuro,corta,primavera
Top,raso,scuro,corta,primavera_estate
Top,lino,scuro,corta,primavera
Top,raso,scuro,lunga,estate
Top,lino,scuro,lunga,estate
Top,seta,colorato,corta,estate
Top,lino,colorato,corta,primavera
Top,seta,chiaro,corta,estate
Top,raso,scuro,lunga,estate
Top,seta,colorato,corta,estate
Top,lino,scuro,corta,primavera
Top,raso,colorato,lunga,primavera_estate
Top,raso,colorato,lunga,estate
Top,lino,colorato,corta,primavera
Top,raso,colorato,lunga,estate
Top,seta,scuro,corta,primavera_estate
Top,seta,colorato,lunga,primavera
Top,seta,chiaro,corta,estate
Top,raso,colorato,lunga,primavera
Top,seta,scuro,lunga,estate
Top,raso,scuro,lunga,primavera
Top,raso,colorato,lunga,primavera_estate
Top,seta,chiaro,lunga,primavera
Top,raso,chiaro,lunga,primavera
Top,raso,colorato,corta,primavera
Top,lino,chiaro,lunga,estate
Top,lino,colorato,lunga,estate
Top,lino,chiaro,lunga,primavera_estate
Top,seta,scuro,corta,estate
Top,raso,chiaro,corta,estate
Top,raso,chiaro,lunga,primavera
Top,raso,colorato,corta,primavera_estate
Top,lino,scuro,lunga,estate
Top,raso,scuro,lunga,estate
Top,seta,colorato,corta,primavera_estate
Top,lino,colorato,corta,estate
Top,seta,chiaro,corta,primavera_estate
Top,raso,colorato,corta,primavera
Top,lino,scuro,corta,primavera_estate
Top,lino,colorato,lunga,estate
Top,seta,scuro,corta,primavera_estate
Top,raso,scuro,corta,primavera_estate
Top,raso,scuro,lunga,primavera_estate
Top,raso,colorato,corta,primavera
Top,lino,colorato,corta,estate
Top,seta,chiaro,lunga,estate
Top,seta,chiaro,lunga,primavera
Top,seta,chiaro,corta,primavera
Top,lino,colorato,corta,estate
Top,lino,chiaro,lunga,estate
Top,seta,colorato,lunga,estate
Top,raso,colorato,corta,primavera_estate
Top,raso,chiaro,corta,primavera
Top,lino,chiaro,lunga,primavera_estate
Top,seta,scuro,lunga,primavera_estate
Top,lino,scuro,lunga,primavera_estate
Top,seta,colorato,corta,primavera
Top,seta,colorato,lunga,estate
Top,seta,chiaro,corta,estate
Top,raso,chiaro,lunga,estate
Top,raso,chiaro,corta,primavera
Top,seta,chiaro,lunga,primavera
Top,seta,colorato,lunga,estate
Top,lino,colorato,lunga,estate
Top,raso,colorato,corta,primavera_estate
Top,seta,scuro,corta,primavera_estate
Top,raso,scuro,corta,primavera_estate
Top,seta,scuro,lunga,estate
Top,seta,scuro,lunga,estate
Top,raso,scuro,lunga,primavera
Top,raso,colorato,corta,primavera_estate
Top,raso,chiaro,corta,estate
Top,raso,colorato,lunga,primavera
Top,lino,scuro,lunga,primavera_estate
Top,lino,chiaro,corta,primavera
Top,lino,scuro,corta,primavera
Top,raso,colorato,corta,estate
Top,lino,colorato,corta,primavera_estate
Top,lino,chiaro,lunga,primavera_estate
Top,lino,colorato,corta,estate
Top,seta,chiaro,lunga,estate
Top,seta,chiaro,lunga,estate
Top,raso,colorato,corta,primavera
Top,seta,chiaro,lunga,primavera_estate
Top,seta,scuro,lunga,estate
Top,lino,scuro,lunga,primavera
Top,seta,colorato,lunga,estate
Top,raso,chiaro,corta,primavera_estate
Top,lino,chiaro,lunga,estate
Top,lino,chiaro,corta,primavera
Top,seta,chiaro,lunga,primavera_estate
Top,seta,scuro,lunga,primavera
Top,lino,scuro,lunga,estate
Top,seta,scuro,lunga,estate
Top,lino,scuro,lunga,primavera_estate
Top,lino,scuro,corta,estate
Top,seta,colorato,lunga,primavera
Top,raso,chiaro,lunga,primavera_estate
Top,seta,scuro,corta,primavera_estate
Top,raso,colorato,corta,primavera_estate
Top,lino,colorato,lunga,estate
Top,seta,scuro,lunga,primavera
Top,raso,scuro,corta,primavera
Top,seta,scuro,corta,estate
Top,seta,colorato,corta,estate
Top,seta,colorato,corta,primavera_estate
Top,raso,colorato,lunga,estate
Top,lino,chiaro,corta,primavera
Top,seta,chiaro,corta,estate
Top,raso,chiaro,lunga,primavera_estate
Top,seta,scuro,lunga,estate
Top,raso,chiaro,lunga,estate
Top,raso,colorato,lunga,primavera
Top,seta,chiaro,lunga,estate
Top,lino,colorato,corta,estate
Top,raso,colorato,corta,estate
Top,raso,chiaro,lunga,primavera
Top,lino,colorato,lunga,primavera_estate
Top,raso,chiaro,lunga,primavera_estate
Top,lino,chiaro,lunga,estate
Top,raso,scuro,lunga,estate
Top,seta,scuro,corta,primavera
Top,raso,chiaro,lunga,estate
Top,lino,chiaro,corta,primavera
Top,lino,scuro,corta,primavera_estate
Top,lino,colorato,lunga,primavera
Top,raso,chiaro,lunga,estate
Top,raso,colorato,lunga,estate
Top,raso,chiaro,corta,primavera
Top,raso,scuro,lunga,primavera
Top,raso,scuro,corta,primavera
Top,lino,colorato,lunga,primavera
Top,raso,scuro,lunga,estate
Top,lino,chiaro,corta,primavera
Top,raso,scuro,lunga,primavera_estate
Top,raso,chiaro,corta,primavera
Top,raso,chiaro,corta,primavera_estate
Top,raso,chiaro,corta,primavera
Top,lino,scuro,lunga,primavera
Top,raso,scuro,corta,primavera_estate
Top,lino,chiaro,corta,primavera_estate
Top,seta,scuro,lunga,primavera_estate
Top,seta,chiaro,corta,estate
Top,lino,chiaro,lunga,primavera
Top,raso,colorato,corta,primavera_estate
Top,seta,chiaro,lunga,primavera
Top,seta,colorato,corta,primavera
Top,raso,chiaro,lunga,estate
Top,lino,chiaro,lunga,primavera_estate
Top,seta,chiaro,lunga,estate
Top,seta,colorato,lunga,estate
Top,lino,chiaro,lunga,primavera
Top,raso,colorato,corta,primavera
Top,seta,scuro,lunga,primavera
Top,raso,chiaro,corta,estate
Top,lino,scuro,corta,primavera_estate
Top,raso,colorato,corta,estate
Top,lino,chiaro,lunga,estate
Top,lino,scuro,lunga,primavera
Top,lino,chiaro,lunga,primavera_estate
Top,lino,chiaro,lunga,primavera_estate
Top,seta,colorato,lunga,primavera
Top,lino,chiaro,lunga,estate
Top,seta,chiaro,lunga,primavera
Top,lino,colorato,corta,primavera_estate
Top,lino,scuro,lunga,estate
Top,lino,colorato,corta,primavera_estate
Top,lino,scuro,corta,primavera
Top,lino,scuro,corta,estate
Top,raso,chiaro,lunga,primavera
Top,lino,chiaro,corta,estate
Top,lino,chiaro,lunga,estate
Top,lino,scuro,lunga,primavera
Top,raso,colorato,corta,primavera_estate
Top,seta,scuro,lunga,primavera
Top,seta,colorato,lunga,primavera
Top,raso,chiaro,corta,primavera_estate
Top,raso,colorato,lunga,primavera
Top,raso,colorato,lunga,primavera
Top,seta,scuro,lunga,estate
Top,seta,scuro,lunga,primavera
Top,seta,colorato,lunga,primavera_estate
Top,raso,scuro,lunga,primavera
Top,raso,scuro,corta,primavera_estate
Top,seta,chiaro,lunga,primavera
Top,seta,scuro,lunga,primavera_estate
Top,seta,chiaro,corta,estate
Top,seta,colorato,lunga,primavera_estate
Top,raso,colorato,corta,primavera
Top,lino,chiaro,corta,estate
Top,lino,chiaro,corta,primavera
Top,lino,scuro,lunga,primavera_estate
Top,lino,scuro,lunga,primavera
Top,raso,scuro,lunga,estate
Top,seta,colorato,corta,primavera_estate
Top,lino,scuro,corta,primavera_estate
Top,seta,chiaro,lunga,primavera
Top,seta,colorato,corta,primavera
Top,lino,chiaro,lunga,estate
Top,raso,colorato,corta,primavera
Top,seta,scuro,lunga,primavera_estate
Top,seta,chiaro,lunga,primavera
Top,seta,scuro,corta,primavera
Top,raso,chiaro,lunga,estate
Top,seta,scuro,lunga,estate
Top,seta,colorato,corta,primavera
Top,seta,chiaro,corta,primavera_estate
Top,seta,chiaro,corta,primavera_estate
Top,raso,chiaro,lunga,estate
Top,raso,scuro,corta,primavera
Top,seta,chiaro,corta,primavera
Top,raso,scuro,corta,primavera_estate
Top,lino,chiaro,corta,primavera
Top,lino,colorato,lunga,primavera_estate
Top,lino,scuro,corta,primavera_estate
Top,raso,chiaro,lunga,primavera
Top,seta,chiaro,lunga,primavera
Top,lino,scuro,corta,primavera
Top,raso,chiaro,corta,primavera
Top,seta,colorato,lunga,primavera_estate
Top,seta,colorato,lunga,primavera
Top,seta,colorato,lunga,primavera
Top,raso,scuro,corta,estate
Top,seta,colorato,lunga,primavera_estate
Top,raso,scuro,corta,primavera_estate
Top,raso,scuro,corta,estate
Top,raso,colorato,lunga,estate
Top,seta,scuro,lunga,primavera_estate
Top,raso,colorato,corta,estate
Top,raso,colorato,lunga,primavera_estate
Top,seta,colorato,lunga,primavera
Top,seta,colorato,corta,primavera
Top,seta,colorato,lunga,primavera_estate
Top,raso,colorato,lunga,primavera
Top,raso,chiaro,corta,primavera
Top,raso,colorato,lunga,estate
Top,lino,colorato,lunga,primavera
Top,seta,scuro,lunga,primavera_estate
Top,raso,colorato,lunga,primavera_estate
Top,raso,colorato,corta,primavera_estate
Top,raso,chiaro,lunga,estate
Top,lino,chiaro,lunga,estate
Top,raso,colorato,corta,primavera
Top,seta,colorato,lunga,primavera_estate
Top,lino,chiaro,lunga,estate
Top,lino,colorato,lunga,estate
Top,seta,chiaro,corta,estate
Top,seta,chiaro,corta,primavera
Top,seta,chiaro,corta,primavera
Top,lino,chiaro,corta,primavera_estate
Top,raso,colorato,corta,estate
Top,raso,chiaro,corta,estate
Top,lino,chiaro,corta,primavera
Top,seta,colorato,lunga,primavera_estate
Top,raso,colorato,lunga,estate
Top,lino,chiaro,lunga,primavera
Top,seta,colorato,lunga,primavera
Top,seta,scuro,corta,estate
Top,seta,chiaro,lunga,primavera_estate
Top,raso,chiaro,corta,estate
Top,seta,colorato,lunga,primavera
Top,lino,chiaro,corta,estate
Top,raso,chiaro,lunga,estate
Top,lino,scuro,corta,primavera
Top,lino,scuro,corta,estate
Top,seta,scuro,lunga,primavera_estate
Top,lino,scuro,corta,primavera_estate
Top,seta,colorato,lunga,primavera
Top,lino,scuro,lunga,primavera_estate
Top,raso,colorato,corta,primavera_estate
Top,seta,colorato,lunga,primavera_estate
Top,raso,scuro,corta,primavera
Top,lino,chiaro,lunga,estate
Top,lino,scuro,lunga,primavera
Top,raso,chiaro,corta,primavera
Top,raso,colorato,lunga,primavera_estate
Top,raso,scuro,corta,primavera_estate
Top,seta,chiaro,lunga,primavera_estate
Top,raso,colorato,lunga,primavera
Top,lino,chiaro,corta,estate
Top,lino,colorato,lunga,primavera
Top,raso,scuro,corta,primavera
Top,lino,scuro,corta,primavera
Top,raso,chiaro,corta,primavera_estate
Top,seta,scuro,lunga,primavera_estate
Top,seta,chiaro,lunga,estate
Top,seta,chiaro,lunga,primavera_estate
Top,raso,scuro,corta,primavera
Top,raso,chiaro,lunga,primavera
Top,raso,colorato,corta,estate
Top,raso,scuro,lunga,estate
Top,raso,scuro,corta,primavera_estate
Top,lino,chiaro,lunga,primavera_estate
Top,seta,chiaro,lunga,estate
Top,lino,scuro,lunga,primavera
Top,seta,chiaro,lunga,primavera_estate
Top,raso,chiaro,lunga,estate
Top,lino,colorato,lunga,primavera_estate
Top,lino,colorato,lunga,primavera_estate
Top,lino,colorato,corta,primavera_estate
Top,raso,colorato,lunga,estate
Top,raso,scuro,lunga,primavera_estate
Top,raso,chiaro,lunga,primavera
Top,raso,colorato,corta,primavera
Top,raso,chiaro,lunga,estate
Top,seta,scuro,corta,estate
Top,lino,chiaro,corta,primavera
Top,raso,scuro,corta,primavera
Top,lino,scuro,lunga,primavera
Top,raso,scuro,lunga,estate
Top,raso,scuro,corta,primavera_estate
Top,raso,chiaro,lunga,primavera_estate
Top,lino,scuro,lunga,primavera
Top,raso,chiaro,lunga,estate
Top,lino,scuro,lunga,primavera_estate
Top,seta,scuro,lunga,primavera
Top,lino,colorato,corta,estate
Top,raso,scuro,corta,estate
Top,raso,scuro,lunga,primavera
Top,seta,scuro,corta,primavera
Top,lino,chiaro,corta,primavera_estate
Top,raso,colorato,lunga,primavera_estate
Top,seta,colorato,lunga,primavera
Top,seta,scuro,lunga,estate
Top,lino,scuro,corta,primavera
Top,seta,scuro,corta,primavera_estate
Top,lino,colorato,corta,estate
Top,raso,colorato,corta,estate
Top,seta,colorato,corta,estate
Top,seta,scuro,lunga,primavera_estate
Top,lino,scuro,lunga,primavera_estate
Top,raso,colorato,corta,primavera
Top,lino,colorato,corta,estate
Top,lino,chiaro,corta,primavera
Top,raso,colorato,corta,primavera
Top,raso,colorato,lunga,primavera
Top,lino,scuro,corta,estate
Top,lino,scuro,corta,estate
Top,raso,colorato,lunga,primavera
Top,raso,colorato,lunga,primavera_estate
Top,lino,scuro,corta,estate
Top,raso,chiaro,lunga,primavera
Top,raso,chiaro,lunga,primavera_estate
Top,seta,chiaro,lunga,primavera_estate
Top,lino,scuro,corta,estate
Top,seta,scuro,lunga,primavera_estate
Top,lino,scuro,lunga,primavera_estate
Top,lino,chiaro,corta,primavera
Top,seta,colorato,corta,primavera
Top,lino,scuro,lunga,estate
Top,lino,colorato,corta,primavera
Top,raso,scuro,lunga,estate
Top,raso,chiaro,corta,primavera
Top,lino,chiaro,lunga,estate
Top,seta,colorato,lunga,estate
Top,lino,scuro,lunga,primavera
Top,raso,chiaro,lunga,primavera
Top,lino,colorato,lunga,primavera_estate
Top,raso,colorato,corta,primavera
Top,raso,chiaro,lunga,primavera_estate
Top,lino,chiaro,corta,primavera_estate
Top,raso,scuro,lunga,primavera_estate
Top,raso,colorato,corta,estate
Top,seta,scuro,corta,primavera_estate
Top,seta,colorato,lunga,primavera
Top,seta,colorato,corta,estate
Top,lino,scuro,lunga,primavera_estate
Top,lino,chiaro,lunga,estate
Top,lino,colorato,lunga,primavera_estate
Top,seta,scuro,corta,primavera_estate
Top,seta,scuro,corta,primavera_estate
Top,lino,colorato,lunga,estate
Top,raso,chiaro,corta,primavera
Top,raso,scuro,lunga,primavera_estate
Top,lino,colorato,corta,estate
Top,raso,colorato,lunga,primavera
Top,seta,scuro,corta,estate
Top,seta,scuro,corta,primavera
Top,raso,colorato,corta,primavera
Top,raso,scuro,corta,primavera
Top,seta,colorato,corta,primavera_estate
Top,raso,chiaro,lunga,primavera_estate
Top,seta,chiaro,lunga,primavera
Top,lino,colorato,corta,estate
Top,seta,scuro,corta,primavera_estate
Top,raso,scuro,corta,estate
Top,seta,chiaro,corta,primavera_estate
Top,raso,colorato,corta,primavera_estate
Top,seta,colorato,corta,estate
Top,seta,scuro,lunga,primavera_estate
Top,raso,scuro,lunga,primavera_estate
Top,lino,chiaro,lunga,primavera_estate
Top,seta,chiaro,lunga,primavera
Top,raso,colorato,lunga,primavera_estate
Top,seta,chiaro,corta,primavera_estate
Top,lino,chiaro,lunga,primavera
Top,lino,scuro,lunga,estate
Top,seta,scuro,corta,primavera
Top,raso,chiaro,lunga,estate
Top,lino,chiaro,corta,estate
Top,raso,chiaro,corta,estate
Top,lino,scuro,corta,primavera_estate
Top,raso,scuro,lunga,primavera
Top,seta,colorato,lunga,estate
Top,lino,scuro,lunga,primavera
Top,seta,colorato,lunga,primavera
Top,lino,scuro,corta,primavera_estate
Top,lino,colorato,lunga,primavera
Top,seta,scuro,lunga,primavera
Top,lino,scuro,lunga,primavera
Top,seta,scuro,corta,estate
Top,seta,colorato,corta,primavera_estate
Top,seta,scuro,lunga,estate
Top,lino,colorato,lunga,primavera_estate
Top,lino,colorato,lunga,estate
Top,seta,colorato,corta,estate
Top,lino,chiaro,lunga,primavera
Top,raso,scuro,lunga,primavera_estate
Top,seta,scuro,lunga,estate
Top,lino,scuro,lunga,primavera_estate
Top,lino,chiaro,lunga,primavera
Top,seta,colorato,corta,primavera_estate
Top,seta,colorato,corta,estate
Top,raso,scuro,lunga,primavera_estate
Top,seta,scuro,lunga,primavera
Top,seta,chiaro,lunga,primavera_estate
Top,raso,scuro,lunga,primavera
Top,seta,colorato,corta,estate
Top,raso,scuro,lunga,primavera
Top,lino,chiaro,lunga,primavera_estate
Top,lino,colorato,lunga,primavera_estate
Top,lino,colorato,corta,estate
Top,seta,chiaro,lunga,primavera_estate
Top,lino,colorato,corta,primavera_estate
Top,lino,colorato,corta,primavera_estate
Top,raso,scuro,corta,estate
Top,lino,colorato,lunga,primavera_estate
Top,raso,colorato,corta,primavera_estate
Top,raso,scuro,lunga,primavera_estate
Top,seta,scuro,corta,primavera_estate
Top,seta,colorato,lunga,primavera
Top,raso,chiaro,corta,primavera
Top,raso,chiaro,lunga,primavera_estate
Top,seta,chiaro,corta,primavera
Top,lino,scuro,lunga,primavera_estate
Top,lino,chiaro,lunga,primavera_estate
Top,raso,scuro,corta,primavera
Top,raso,chiaro,lunga,primavera_estate
Top,raso,chiaro,lunga,estate
Top,seta,scuro,lunga,primavera
Top,lino,colorato,corta,estate
Top,seta,colorato,lunga,primavera_estate
Top,raso,scuro,lunga,primavera
Top,raso,scuro,lunga,estate
Top,seta,colorato,corta,estate
Top,raso,chiaro,lunga,primavera
Top,lino,colorato,lunga,estate
Top,seta,scuro,corta,primavera_estate
Top,seta,scuro,lunga,primavera
Top,lino,colorato,lunga,primavera_estate
Top,seta,colorato,lunga,primavera_estate
Top,lino,colorato,corta,estate
Top,raso,colorato,lunga,primavera
Top,seta,colorato,corta,estate
Top,lino,colorato,corta,primavera
Top,seta,scuro,corta,estate
Top,lino,colorato,lunga,primavera
Top,seta,scuro,lunga,estate
Top,raso,colorato,corta,primavera_estate
Top,lino,scuro,lunga,estate
Top,lino,chiaro,lunga,primavera
Top,seta,scuro,corta,estate
Top,raso,chiaro,lunga,primavera_estate
Top,lino,chiaro,corta,estate
Top,lino,colorato,corta,estate
Top,raso,chiaro,corta,primavera
Top,lino,scuro,corta,primavera_estate
Top,lino,chiaro,corta,estate
Top,lino,scuro,corta,primavera
Top,seta,chiaro,lunga,primavera
Top,seta,chiaro,corta,primavera_estate
Top,seta,scuro,lunga,primavera
Top,raso,chiaro,lunga,primavera_estate
Top,lino,chiaro,lunga,primavera_estate
Top,seta,chiaro,corta,primavera_estate
Top,raso,colorato,lunga,estate
Top,seta,scuro,corta,primavera
Top,raso,scuro,corta,estate
Top,lino,chiaro,corta,estate
Top,raso,colorato,corta,estate
Top,lino,chiaro,corta,primavera_estate
Top,raso,chiaro,corta,estate
Top,lino,colorato,corta,primavera
Top,seta,colorato,lunga,estate
Top,seta,scuro,lunga,primavera_estate
Top,seta,scuro,lunga,estate
Top,raso,scuro,lunga,estate
Top,seta,scuro,lunga,primavera_estate
Top,seta,colorato,corta,primavera
Top,seta,chiaro,lunga,primavera_estate
Top,lino,chiaro,lunga,estate
Top,seta,scuro,lunga,estate
Top,seta,scuro,corta,primavera
Top,seta,chiaro,lunga,primavera_estate
Top,raso,colorato,corta,primavera_estate
Top,seta,colorato,corta,primavera
Top,raso,scuro,corta,primavera_estate
Top,lino,scuro,corta,estate
Top,lino,colorato,lunga,estate
Top,lino,colorato,lunga,primavera
Top,seta,chiaro,corta,estate
Top,raso,scuro,lunga,primavera_estate
Top,seta,scuro,lunga,primavera_estate
Top,seta,chiaro,corta,primavera_estate
Top,seta,scuro,lunga,primavera
Top,seta,chiaro,corta,primavera
Top,seta,scuro,corta,primavera
Top,lino,scuro,lunga,primavera
Top,seta,colorato,corta,primavera_estate
Top,raso,colorato,lunga,estate
Top,raso,scuro,lunga,estate
Top,raso,chiaro,corta,estate
Top,lino,colorato,corta,primavera
Top,seta,chiaro,lunga,primavera
Top,seta,scuro,lunga,primavera_estate
Top,seta,chiaro,lunga,estate
Top,seta,colorato,corta,primavera_estate
Top,seta,chiaro,corta,primavera_estate
Top,seta,colorato,corta,estate
Top,raso,colorato,lunga,primavera_estate
Top,raso,chiaro,corta,primavera
Top,raso,scuro,corta,estate
Top,lino,colorato,corta,primavera_estate
Top,seta,colorato,corta,primavera_estate
Top,seta,colorato,corta,estate
Top,raso,colorato,corta,estate
Top,lino,chiaro,corta,estate
Top,lino,colorato,lunga,estate
Top,seta,colorato,lunga,primavera
Top,seta,chiaro,corta,primavera
Top,seta,scuro,corta,estate
Top,raso,chiaro,corta,estate
Top,lino,chiaro,lunga,estate
Top,lino,chiaro,corta,primavera_estate
Top,raso,chiaro,corta,primavera_estate
Top,lino,chiaro,corta,primavera
Top,seta,scuro,lunga,primavera_estate
Top,raso,scuro,corta,primavera
Top,seta,chiaro,corta,primavera
Top,seta,scuro,lunga,primavera
Top,raso,chiaro,lunga,primavera
Top,seta,chiaro,lunga,estate
Top,raso,chiaro,lunga,estate
Top,lino,scuro,corta,primavera_estate
Top,seta,scuro,corta,estate
Top,lino,scuro,lunga,estate
Top,lino,colorato,corta,estate
Top,raso,colorato,lunga,primavera_estate
Top,raso,chiaro,corta,primavera
Top,seta,scuro,lunga,estate
Top,seta,scuro,lunga,estate
Top,seta,chiaro,lunga,primavera_estate
Top,lino,colorato,lunga,primavera
Top,raso,colorato,corta,estate
Top,seta,chiaro,corta,primavera_estate
Top,seta,chiaro,lunga,primavera
Top,lino,scuro,lunga,estate
Top,raso,chiaro,lunga,primavera_estate
Top,raso,chiaro,lunga,estate
Top,seta,chiaro,lunga,estate
Top,seta,chiaro,lunga,estate
Top,seta,colorato,lunga,estate
Top,raso,colorato,corta,primavera_estate
Top,lino,chiaro,corta,primavera
Top,seta,colorato,corta,primavera
Top,raso,scuro,corta,estate
Top,lino,colorato,lunga,estate
Top,lino,colorato,corta,primavera
Top,seta,chiaro,lunga,primavera
Top,lino,colorato,lunga,estate
Top,seta,colorato,lunga,primavera_estate
Top,seta,scuro,corta,estate
Top,lino,chiaro,lunga,primavera
Top,raso,chiaro,corta,estate
Top,seta,colorato,corta,estate
Top,lino,colorato,lunga,primavera
Top,seta,scuro,lunga,primavera
Top,seta,scuro,lunga,primavera_estate
Top,seta,chiaro,lunga,primavera
Top,seta,chiaro,corta,primavera_estate
Top,lino,colorato,lunga,estate
Top,lino,colorato,lunga,primavera
Top,raso,scuro,corta,primavera
Top,lino,chiaro,corta,primavera_estate
Top,seta,scuro,lunga,estate
Top,seta,chiaro,lunga,primavera_estate
Top,lino,colorato,corta,primavera
Top,lino,chiaro,lunga,estate
Top,seta,colorato,lunga,primavera_estate
Top,seta,chiaro,lunga,primavera_estate
Top,raso,colorato,lunga,primavera_estate
Top,seta,chiaro,lunga,primavera_estate
Top,lino,scuro,lunga,primavera_estate
Top,raso,scuro,lunga,primavera_estate
Top,seta,colorato,corta,primavera
Top,seta,chiaro,lunga,estate
Top,seta,scuro,lunga,estate
Top,seta,colorato,lunga,estate
Top,seta,colorato,lunga,primavera
Top,seta,chiaro,corta,primavera_estate
Top,seta,colorato,lunga,estate
Top,raso,colorato,lunga,primavera
Top,lino,scuro,lunga,estate
Top,seta,chiaro,lunga,primavera_estate
Top,seta,chiaro,corta,estate
Top,raso,colorato,corta,primavera_estate
Top,seta,colorato,lunga,primavera_estate
Top,raso,chiaro,corta,primavera
Top,raso,scuro,corta,primavera
Top,lino,scuro,corta,primavera_estate
Top,lino,colorato,corta,primavera_estate
Top,lino,scuro,lunga,primavera_estate
Top,seta,chiaro,lunga,primavera_estate
Top,raso,colorato,corta,estate
Top,raso,scuro,lunga,estate
Top,seta,chiaro,lunga,primavera_estate
Top,lino,scuro,lunga,primavera_estate
Top,raso,chiaro,corta,estate
Top,seta,chiaro,corta,primavera
Top,seta,colorato,lunga,primavera_estate
Top,raso,chiaro,corta,primavera
Top,seta,chiaro,lunga,estate
Top,raso,scuro,lunga,primavera
Top,raso,scuro,corta,primavera
Top,lino,colorato,lunga,primavera
Top,lino,chiaro,corta,primavera
Top,seta,scuro,lunga,primavera
Top,lino,chiaro,lunga,primavera_estate
Top,raso,scuro,corta,primavera_estate
Top,raso,chiaro,corta,estate
Top,raso,chiaro,corta,primavera_estate
Top,seta,chiaro,lunga,estate
Top,lino,colorato,lunga,primavera_estate
Top,seta,scuro,lunga,estate
Top,seta,colorato,corta,primavera
Top,raso,colorato,corta,primavera_estate
Top,lino,colorato,lunga,primavera
Top,seta,chiaro,lunga,estate
Top,seta,colorato,lunga,primavera_estate
Top,seta,chiaro,lunga,estate
Top,seta,scuro,lunga,estate
Top,raso,scuro,lunga,primavera_estate
Top,seta,scuro,lunga,estate
Top,raso,scuro,corta,primavera_estate
Top,raso,colorato,lunga,primavera_estate
Top,lino,scuro,corta,primavera
Top,raso,scuro,corta,primavera_estate